# Agosto Lilas - imagem convertida para nuvem de pontos/wireframe OBJ
# somente vertices e faces para rasterizador simples
v -0.21961 -0.96387 0.000
v -0.20028 -0.96387 0.000
v -0.21823 -0.96484 0.000
v -0.19475 -0.96289 0.000
v -0.18646 -0.96289 0.000
v -0.19337 -0.96387 0.000
v -0.23204 -0.96289 0.000
v -0.22514 -0.96289 0.000
v -0.23066 -0.96387 0.000
v -0.18646 -0.96191 0.000
v -0.17956 -0.96191 0.000
v -0.18508 -0.96289 0.000
v -0.24033 -0.96191 0.000
v -0.23343 -0.96191 0.000
v -0.23895 -0.96289 0.000
v -0.18094 -0.96094 0.000
v -0.17541 -0.96094 0.000
v -0.17956 -0.96191 0.000
v -0.24448 -0.96094 0.000
v -0.23895 -0.96094 0.000
v -0.24309 -0.96191 0.000
v -0.17680 -0.95996 0.000
v -0.17127 -0.95996 0.000
v -0.17541 -0.96094 0.000
v -0.24862 -0.95996 0.000
v -0.24309 -0.95996 0.000
v -0.24724 -0.96094 0.000
v -0.17265 -0.95898 0.000
v -0.16713 -0.95898 0.000
v -0.17127 -0.95996 0.000
v -0.25276 -0.95898 0.000
v -0.24724 -0.95898 0.000
v -0.25138 -0.95996 0.000
v -0.25691 -0.95801 0.000
v -0.25138 -0.95801 0.000
v -0.25552 -0.95898 0.000
v -0.16575 -0.95703 0.000
v -0.16022 -0.95703 0.000
v -0.16713 -0.95703 0.000
v 0.33564 -0.93848 0.000
v 0.34392 -0.93848 0.000
v 0.33702 -0.93945 0.000
v 0.27901 -0.93848 0.000
v 0.29558 -0.93848 0.000
v 0.28039 -0.93945 0.000
v 0.20442 -0.93848 0.000
v 0.22514 -0.93848 0.000
v 0.20580 -0.93945 0.000
v 0.13950 -0.93848 0.000
v 0.15884 -0.93848 0.000
v 0.14088 -0.93945 0.000
v 0.06906 -0.93848 0.000
v 0.08702 -0.93848 0.000
v 0.07044 -0.93945 0.000
v 0.03177 -0.93848 0.000
v 0.04972 -0.93848 0.000
v 0.03315 -0.93945 0.000
v -0.03453 -0.93848 0.000
v -0.01657 -0.93848 0.000
v -0.03315 -0.93945 0.000
v -0.38122 -0.93848 0.000
v -0.36740 -0.93848 0.000
v -0.37983 -0.93945 0.000
v 0.35773 -0.93750 0.000
v 0.38950 -0.93750 0.000
v 0.35912 -0.93848 0.000
v 0.29834 -0.93750 0.000
v 0.30663 -0.93750 0.000
v 0.29972 -0.93848 0.000
v 0.26381 -0.93750 0.000
v 0.27486 -0.93750 0.000
v 0.26519 -0.93848 0.000
v 0.22790 -0.93750 0.000
v 0.23895 -0.93750 0.000
v 0.22928 -0.93848 0.000
v 0.19199 -0.93750 0.000
v 0.20166 -0.93750 0.000
v 0.19337 -0.93848 0.000
v 0.16160 -0.93750 0.000
v 0.17127 -0.93750 0.000
v 0.16298 -0.93848 0.000
v 0.12569 -0.93750 0.000
v 0.13674 -0.93750 0.000
v 0.12707 -0.93848 0.000
v 0.09116 -0.93750 0.000
v 0.10083 -0.93750 0.000
v 0.09254 -0.93848 0.000
v 0.05110 -0.93750 0.000
v 0.06492 -0.93750 0.000
v 0.05249 -0.93848 0.000
v 0.01934 -0.93750 0.000
v 0.02901 -0.93750 0.000
v 0.02072 -0.93848 0.000
v -0.01381 -0.93750 0.000
v -0.00276 -0.93750 0.000
v -0.01243 -0.93848 0.000
v -0.04696 -0.93750 0.000
v -0.03591 -0.93750 0.000
v -0.04558 -0.93848 0.000
v -0.30939 -0.93750 0.000
v -0.29282 -0.93848 0.000
v -0.30801 -0.93848 0.000
v -0.36326 -0.93750 0.000
v -0.35359 -0.93750 0.000
v -0.36188 -0.93848 0.000
v -0.39641 -0.93750 0.000
v -0.38674 -0.93750 0.000
v -0.39503 -0.93848 0.000
v 0.38950 -0.93652 0.000
v 0.39779 -0.93652 0.000
v 0.39088 -0.93750 0.000
v 0.34116 -0.93652 0.000
v 0.35773 -0.93652 0.000
v 0.34254 -0.93750 0.000
v 0.32320 -0.93652 0.000
v 0.34116 -0.93652 0.000
v 0.32459 -0.93750 0.000
v 0.30663 -0.93652 0.000
v 0.31354 -0.93652 0.000
v 0.30801 -0.93750 0.000
v 0.25829 -0.93652 0.000
v 0.26519 -0.93652 0.000
v 0.25967 -0.93750 0.000
v 0.23757 -0.93652 0.000
v 0.24586 -0.93652 0.000
v 0.23895 -0.93750 0.000
v 0.18646 -0.93652 0.000
v 0.19337 -0.93652 0.000
v 0.18785 -0.93750 0.000
v 0.17127 -0.93652 0.000
v 0.17818 -0.93652 0.000
v 0.17265 -0.93750 0.000
v 0.11878 -0.93652 0.000
v 0.12707 -0.93652 0.000
v 0.12017 -0.93750 0.000
v 0.09945 -0.93652 0.000
v 0.10773 -0.93652 0.000
v 0.10083 -0.93750 0.000
v 0.01381 -0.93652 0.000
v 0.02072 -0.93652 0.000
v 0.01519 -0.93750 0.000
v -0.00414 -0.93652 0.000
v 0.00414 -0.93652 0.000
v -0.00276 -0.93750 0.000
v -0.05110 -0.93652 0.000
v -0.04558 -0.93652 0.000
v -0.04972 -0.93750 0.000
v -0.11050 -0.93652 0.000
v -0.08149 -0.93652 0.000
v -0.10912 -0.93750 0.000
v -0.32182 -0.93652 0.000
v -0.31077 -0.93652 0.000
v -0.32044 -0.93750 0.000
v -0.35497 -0.93652 0.000
v -0.34807 -0.93652 0.000
v -0.35359 -0.93750 0.000
v -0.40331 -0.93652 0.000
v -0.39503 -0.93652 0.000
v -0.40193 -0.93750 0.000
v 0.39779 -0.93555 0.000
v 0.40470 -0.93555 0.000
v 0.39917 -0.93652 0.000
v 0.31215 -0.93555 0.000
v 0.32044 -0.93555 0.000
v 0.31354 -0.93652 0.000
v 0.24586 -0.93555 0.000
v 0.25829 -0.93555 0.000
v 0.24724 -0.93652 0.000
v 0.17818 -0.93555 0.000
v 0.18646 -0.93555 0.000
v 0.17956 -0.93652 0.000
v 0.11326 -0.93555 0.000
v 0.11878 -0.93555 0.000
v 0.11464 -0.93652 0.000
v 0.10773 -0.93555 0.000
v 0.11326 -0.93555 0.000
v 0.10912 -0.93652 0.000
v 0.00414 -0.93555 0.000
v 0.01243 -0.93555 0.000
v 0.00552 -0.93652 0.000
v -0.05801 -0.93555 0.000
v -0.05110 -0.93555 0.000
v -0.05663 -0.93652 0.000
v -0.07873 -0.93555 0.000
v -0.07182 -0.93555 0.000
v -0.07735 -0.93652 0.000
v -0.12155 -0.93457 0.000
v -0.11326 -0.93555 0.000
v -0.12431 -0.93652 0.000
v -0.33149 -0.93555 0.000
v -0.32459 -0.93555 0.000
v -0.33011 -0.93652 0.000
v -0.34807 -0.93555 0.000
v -0.34254 -0.93555 0.000
v -0.34669 -0.93652 0.000
v -0.40884 -0.93555 0.000
v -0.40331 -0.93555 0.000
v -0.40746 -0.93652 0.000
v 0.40470 -0.93457 0.000
v 0.41022 -0.93457 0.000
v 0.40608 -0.93555 0.000
v -0.06215 -0.93457 0.000
v -0.05663 -0.93457 0.000
v -0.06077 -0.93555 0.000
v -0.07182 -0.93457 0.000
v -0.06492 -0.93457 0.000
v -0.07044 -0.93555 0.000
v -0.34254 -0.93457 0.000
v -0.33149 -0.93457 0.000
v -0.34116 -0.93555 0.000
v 0.40884 -0.93359 0.000
v 0.41436 -0.93359 0.000
v 0.41022 -0.93457 0.000
v -0.06630 -0.93359 0.000
v -0.06077 -0.93359 0.000
v -0.06492 -0.93457 0.000
v -0.41713 -0.93359 0.000
v -0.40746 -0.93457 0.000
v -0.41575 -0.93457 0.000
v 0.41575 -0.93164 0.000
v 0.42127 -0.93164 0.000
v 0.41436 -0.93164 0.000
v -0.42403 -0.93164 0.000
v -0.41575 -0.93262 0.000
v -0.42265 -0.93262 0.000
v 0.45028 -0.93066 0.000
v 0.48066 -0.93066 0.000
v 0.45166 -0.93164 0.000
v 0.47928 -0.92969 0.000
v 0.48757 -0.92969 0.000
v 0.48066 -0.93066 0.000
v 0.44199 -0.92969 0.000
v 0.45028 -0.92969 0.000
v 0.44337 -0.93066 0.000
v 0.48619 -0.92871 0.000
v 0.49309 -0.92871 0.000
v 0.48757 -0.92969 0.000
v 0.43646 -0.92871 0.000
v 0.44337 -0.92871 0.000
v 0.43785 -0.92969 0.000
v 0.49171 -0.92773 0.000
v 0.49724 -0.92773 0.000
v 0.49309 -0.92871 0.000
v 0.43232 -0.92773 0.000
v 0.43785 -0.92773 0.000
v 0.43370 -0.92871 0.000
v 0.49724 -0.92676 0.000
v 0.50276 -0.92676 0.000
v 0.49862 -0.92773 0.000
v 0.50414 -0.92480 0.000
v 0.50967 -0.92480 0.000
v 0.50276 -0.92480 0.000
v 0.50829 -0.92383 0.000
v 0.51381 -0.92383 0.000
v 0.50967 -0.92480 0.000
v -0.47376 -0.89648 0.000
v -0.46961 -0.89844 0.000
v -0.47376 -0.89746 0.000
v -0.47652 -0.89160 0.000
v -0.47238 -0.89551 0.000
v -0.47652 -0.89355 0.000
v 0.37155 -0.85156 0.000
v 0.38536 -0.85449 0.000
v 0.37431 -0.86621 0.000
v 0.36464 -0.85840 0.000
v 0.37017 -0.85156 0.000
v 0.37155 -0.85059 0.000
v 0.36464 -0.85840 0.000
v 0.37293 -0.86621 0.000
v 0.38398 -0.86035 0.000
v 0.38260 -0.85059 0.000
v 0.62293 -0.83887 0.000
v 0.62293 -0.84375 0.000
v 0.62293 -0.83984 0.000
v 0.00829 -0.80469 0.000
v -0.00138 -0.82812 0.000
v 0.01657 -0.83008 0.000
v 0.01105 -0.80469 0.000
v 0.01657 -0.82910 0.000
v -0.00138 -0.82812 0.000
v 0.00691 -0.80566 0.000
v 0.30663 -0.80371 0.000
v 0.31630 -0.81934 0.000
v 0.31354 -0.83008 0.000
v 0.29972 -0.82910 0.000
v 0.30663 -0.80664 0.000
v -0.13260 -0.80273 0.000
v -0.13950 -0.83008 0.000
v -0.12155 -0.83008 0.000
v -0.12983 -0.80273 0.000
v -0.12155 -0.82910 0.000
v -0.13950 -0.82910 0.000
v -0.13260 -0.80762 0.000
v 0.30663 -0.80176 0.000
v 0.29972 -0.83008 0.000
v 0.31768 -0.82617 0.000
v 0.30801 -0.80273 0.000
v -0.59807 -0.79980 0.000
v -0.57182 -0.79980 0.000
v -0.59669 -0.80078 0.000
v -0.50829 -0.79883 0.000
v -0.50000 -0.79883 0.000
v -0.50691 -0.79980 0.000
v -0.53867 -0.79883 0.000
v -0.53039 -0.79883 0.000
v -0.53729 -0.79980 0.000
v -0.57044 -0.79883 0.000
v -0.56354 -0.79883 0.000
v -0.56906 -0.79980 0.000
v -0.60635 -0.79883 0.000
v -0.59945 -0.79883 0.000
v -0.60497 -0.79980 0.000
v 0.68508 -0.79785 0.000
v 0.71409 -0.79785 0.000
v 0.68646 -0.79883 0.000
v 0.65608 -0.79785 0.000
v 0.66851 -0.79785 0.000
v 0.65746 -0.79883 0.000
v 0.63398 -0.79688 0.000
v 0.64365 -0.79785 0.000
v 0.63398 -0.80078 0.000
v 0.63260 -0.81738 0.000
v 0.63122 -0.79883 0.000
v -0.49724 -0.79785 0.000
v -0.48757 -0.79980 0.000
v -0.48757 -0.85742 0.000
v -0.47790 -0.88965 0.000
v -0.49033 -0.86133 0.000
v -0.49033 -0.80566 0.000
v -0.49586 -0.79883 0.000
v -0.54972 -0.79785 0.000
v -0.54144 -0.79785 0.000
v -0.54834 -0.79883 0.000
v -0.56354 -0.79785 0.000
v -0.55663 -0.79785 0.000
v -0.56215 -0.79883 0.000
v 0.71547 -0.79688 0.000
v 0.72376 -0.79688 0.000
v 0.71685 -0.79785 0.000
v 0.64227 -0.79688 0.000
v 0.65746 -0.79688 0.000
v 0.64365 -0.79785 0.000
v -0.55801 -0.79688 0.000
v -0.54834 -0.79688 0.000
v -0.55663 -0.79785 0.000
v -0.61878 -0.79688 0.000
v -0.60773 -0.79785 0.000
v -0.61740 -0.79785 0.000
v 0.72376 -0.79590 0.000
v 0.73204 -0.79590 0.000
v 0.72514 -0.79688 0.000
v -0.62293 -0.79590 0.000
v -0.61740 -0.79590 0.000
v -0.62155 -0.79688 0.000
v 0.73066 -0.79492 0.000
v 0.73619 -0.79492 0.000
v 0.73204 -0.79590 0.000
v -0.62707 -0.79492 0.000
v -0.62155 -0.79492 0.000
v -0.62569 -0.79590 0.000
v 0.74033 -0.79297 0.000
v 0.74586 -0.79297 0.000
v 0.73757 -0.79297 0.000
v 0.45166 -0.79297 0.000
v 0.46823 -0.79980 0.000
v 0.47514 -0.81836 0.000
v 0.50276 -0.79883 0.000
v 0.51105 -0.79883 0.000
v 0.51934 -0.80566 0.000
v 0.50967 -0.82520 0.000
v 0.47099 -0.84961 0.000
v 0.44199 -0.81348 0.000
v 0.44199 -0.79980 0.000
v 0.45028 -0.79297 0.000
v -0.63398 -0.79297 0.000
v -0.62569 -0.79395 0.000
v -0.63260 -0.79395 0.000
v 0.74448 -0.79199 0.000
v 0.75000 -0.79199 0.000
v 0.74586 -0.79297 0.000
v 0.45304 -0.79199 0.000
v 0.44337 -0.79688 0.000
v 0.44199 -0.81348 0.000
v 0.47099 -0.85059 0.000
v 0.50967 -0.82617 0.000
v 0.51934 -0.80566 0.000
v 0.51243 -0.79883 0.000
v 0.50138 -0.79883 0.000
v 0.47652 -0.81836 0.000
v 0.46823 -0.79883 0.000
v 0.45580 -0.79199 0.000
v 0.21823 -0.79004 0.000
v 0.23481 -0.79395 0.000
v 0.24724 -0.80859 0.000
v 0.24448 -0.83496 0.000
v 0.22790 -0.84961 0.000
v 0.21823 -0.85156 0.000
v 0.21823 -0.78906 0.000
v 0.21823 -0.85254 0.000
v 0.23895 -0.84277 0.000
v 0.24724 -0.82812 0.000
v 0.24448 -0.80176 0.000
v 0.22099 -0.78906 0.000
v -0.36740 -0.78906 0.000
v -0.35083 -0.79102 0.000
v -0.34392 -0.79785 0.000
v -0.34807 -0.81445 0.000
v -0.36740 -0.82129 0.000
v -0.36740 -0.78809 0.000
v -0.36740 -0.82227 0.000
v -0.34945 -0.81641 0.000
v -0.34392 -0.80762 0.000
v -0.34669 -0.79297 0.000
v -0.36050 -0.78809 0.000
v 0.45166 -0.78516 0.000
v 0.46685 -0.78809 0.000
v 0.47928 -0.80176 0.000
v 0.50967 -0.79102 0.000
v 0.53039 -0.80371 0.000
v 0.51934 -0.82715 0.000
v 0.46961 -0.85742 0.000
v 0.45580 -0.84863 0.000
v 0.43370 -0.81738 0.000
v 0.43232 -0.79883 0.000
v 0.44751 -0.78516 0.000
v 0.45304 -0.78418 0.000
v 0.43646 -0.79102 0.000
v 0.43232 -0.81250 0.000
v 0.44890 -0.84180 0.000
v 0.47099 -0.85742 0.000
v 0.51934 -0.82812 0.000
v 0.53039 -0.80371 0.000
v 0.52210 -0.79395 0.000
v 0.50967 -0.79102 0.000
v 0.48066 -0.80176 0.000
v 0.46823 -0.78809 0.000
v 0.45442 -0.78418 0.000
v 0.17127 -0.77832 0.000
v 0.18232 -0.78320 0.000
v 0.18232 -0.83887 0.000
v 0.17265 -0.85645 0.000
v 0.15884 -0.86523 0.000
v 0.14641 -0.86621 0.000
v 0.12707 -0.85645 0.000
v 0.12155 -0.84766 0.000
v 0.11740 -0.78613 0.000
v 0.12431 -0.77832 0.000
v 0.13536 -0.78027 0.000
v 0.13536 -0.83398 0.000
v 0.14088 -0.84863 0.000
v 0.15193 -0.85254 0.000
v 0.16022 -0.84863 0.000
v 0.16575 -0.83398 0.000
v 0.16851 -0.77832 0.000
v 0.08978 -0.77832 0.000
v 0.10221 -0.78320 0.000
v 0.10497 -0.84082 0.000
v 0.09530 -0.85938 0.000
v 0.07320 -0.86621 0.000
v 0.05663 -0.85547 0.000
v 0.05525 -0.84082 0.000
v 0.06492 -0.83887 0.000
v 0.07182 -0.84961 0.000
v 0.08149 -0.85254 0.000
v 0.08287 -0.78809 0.000
v 0.08840 -0.77832 0.000
v 0.00276 -0.77832 0.000
v 0.01657 -0.78027 0.000
v 0.02624 -0.79688 0.000
v 0.04420 -0.85547 0.000
v 0.03729 -0.86621 0.000
v 0.02624 -0.85938 0.000
v 0.02072 -0.84180 0.000
v -0.00552 -0.84375 0.000
v -0.01381 -0.86133 0.000
v -0.02072 -0.86621 0.000
v -0.02624 -0.86328 0.000
v -0.01934 -0.82324 0.000
v 0.00138 -0.77832 0.000
v -0.13398 -0.77734 0.000
v -0.12293 -0.77930 0.000
v -0.11326 -0.79199 0.000
v -0.09669 -0.84082 0.000
v -0.09669 -0.86426 0.000
v -0.11050 -0.86133 0.000
v -0.11740 -0.84180 0.000
v -0.14365 -0.84375 0.000
v -0.15055 -0.86230 0.000
v -0.16022 -0.86523 0.000
v -0.16575 -0.86133 0.000
v -0.13950 -0.78125 0.000
v -0.30387 -0.77832 0.000
v -0.26519 -0.77734 0.000
v -0.25691 -0.78418 0.000
v -0.26519 -0.78906 0.000
v -0.29282 -0.78906 0.000
v -0.29282 -0.81445 0.000
v -0.27348 -0.81445 0.000
v -0.26519 -0.82031 0.000
v -0.26796 -0.82617 0.000
v -0.29420 -0.82910 0.000
v -0.29282 -0.85254 0.000
v -0.25967 -0.85254 0.000
v -0.25552 -0.85742 0.000
v -0.26243 -0.86426 0.000
v -0.29558 -0.86621 0.000
v -0.30939 -0.86230 0.000
v -0.31215 -0.78516 0.000
v -0.30525 -0.77832 0.000
v 0.30663 -0.77734 0.000
v 0.31492 -0.77832 0.000
v 0.32459 -0.78906 0.000
v 0.34530 -0.85547 0.000
v 0.33978 -0.86523 0.000
v 0.32873 -0.86133 0.000
v 0.32182 -0.84180 0.000
v 0.29420 -0.84375 0.000
v 0.28729 -0.86426 0.000
v 0.27348 -0.86230 0.000
v 0.29144 -0.79688 0.000
v 0.30525 -0.77734 0.000
v 0.20718 -0.77734 0.000
v 0.22514 -0.77637 0.000
v 0.24448 -0.78320 0.000
v 0.26657 -0.81055 0.000
v 0.26657 -0.82715 0.000
v 0.25552 -0.84766 0.000
v 0.23895 -0.86035 0.000
v 0.21823 -0.86621 0.000
v 0.20442 -0.86426 0.000
v 0.19890 -0.78711 0.000
v 0.20442 -0.77734 0.000
v 0.17265 -0.77734 0.000
v 0.16713 -0.77832 0.000
v 0.16436 -0.83984 0.000
v 0.15193 -0.85254 0.000
v 0.14088 -0.84766 0.000
v 0.13536 -0.83398 0.000
v 0.13536 -0.78027 0.000
v 0.11878 -0.78125 0.000
v 0.11878 -0.83984 0.000
v 0.12707 -0.85742 0.000
v 0.14641 -0.86621 0.000
v 0.17265 -0.85742 0.000
v 0.18232 -0.83887 0.000
v 0.18508 -0.80566 0.000
v 0.17680 -0.77734 0.000
v 0.08978 -0.77734 0.000
v 0.08287 -0.78809 0.000
v 0.08287 -0.85059 0.000
v 0.07597 -0.85156 0.000
v 0.06630 -0.83887 0.000
v 0.05525 -0.84082 0.000
v 0.05663 -0.85547 0.000
v 0.07320 -0.86621 0.000
v 0.09530 -0.86035 0.000
v 0.10497 -0.84082 0.000
v 0.10221 -0.78320 0.000
v 0.09530 -0.77734 0.000
v 0.00414 -0.77734 0.000
v -0.00414 -0.78223 0.000
v -0.02762 -0.85938 0.000
v -0.02348 -0.86621 0.000
v -0.01381 -0.86230 0.000
v -0.00691 -0.84570 0.000
v 0.01934 -0.84180 0.000
v 0.03177 -0.86523 0.000
v 0.04006 -0.86523 0.000
v 0.04282 -0.86035 0.000
v 0.03039 -0.80859 0.000
v 0.01381 -0.77734 0.000
v -0.13398 -0.77734 0.000
v -0.14227 -0.78320 0.000
v -0.16575 -0.85547 0.000
v -0.16160 -0.86523 0.000
v -0.15055 -0.86328 0.000
v -0.14227 -0.84375 0.000
v -0.12569 -0.84180 0.000
v -0.11602 -0.84375 0.000
v -0.11050 -0.86230 0.000
v -0.09530 -0.86426 0.000
v -0.09669 -0.84082 0.000
v -0.11326 -0.79199 0.000
v -0.12707 -0.77734 0.000
v -0.21271 -0.77734 0.000
v -0.19337 -0.77832 0.000
v -0.18232 -0.79297 0.000
v -0.18785 -0.79980 0.000
v -0.20442 -0.78906 0.000
v -0.21961 -0.79590 0.000
v -0.22652 -0.81348 0.000
v -0.22238 -0.84570 0.000
v -0.21547 -0.85254 0.000
v -0.20304 -0.85352 0.000
v -0.18923 -0.84082 0.000
v -0.17818 -0.84375 0.000
v -0.18094 -0.85352 0.000
v -0.20304 -0.86719 0.000
v -0.19337 -0.88086 0.000
v -0.20856 -0.89160 0.000
v -0.22238 -0.88477 0.000
v -0.20856 -0.87695 0.000
v -0.24033 -0.84961 0.000
v -0.24586 -0.83105 0.000
v -0.23895 -0.79688 0.000
v -0.21547 -0.77734 0.000
v -0.30249 -0.77734 0.000
v -0.31215 -0.78516 0.000
v -0.30939 -0.86328 0.000
v -0.29558 -0.86621 0.000
v -0.26105 -0.86426 0.000
v -0.25552 -0.85742 0.000
v -0.25967 -0.85254 0.000
v -0.29282 -0.85156 0.000
v -0.29420 -0.82910 0.000
v -0.26519 -0.82520 0.000
v -0.26934 -0.81543 0.000
v -0.29282 -0.81348 0.000
v -0.29282 -0.79004 0.000
v -0.25967 -0.78711 0.000
v -0.25829 -0.78125 0.000
v -0.26519 -0.77734 0.000
v 0.30663 -0.77637 0.000
v 0.29696 -0.78223 0.000
v 0.27762 -0.83691 0.000
v 0.27762 -0.86523 0.000
v 0.28729 -0.86523 0.000
v 0.29558 -0.84375 0.000
v 0.31215 -0.84180 0.000
v 0.32320 -0.84375 0.000
v 0.33287 -0.86523 0.000
v 0.34392 -0.86328 0.000
v 0.32459 -0.78906 0.000
v 0.31215 -0.77637 0.000
v 0.20856 -0.77637 0.000
v 0.20028 -0.78125 0.000
v 0.20304 -0.86426 0.000
v 0.21133 -0.86621 0.000
v 0.24033 -0.86035 0.000
v 0.25552 -0.84863 0.000
v 0.26657 -0.82715 0.000
v 0.26105 -0.79688 0.000
v 0.24586 -0.78320 0.000
v 0.22514 -0.77637 0.000
v -0.21133 -0.77637 0.000
v -0.23343 -0.78809 0.000
v -0.24586 -0.82031 0.000
v -0.24033 -0.84961 0.000
v -0.20856 -0.87695 0.000
v -0.22238 -0.88281 0.000
v -0.21133 -0.89160 0.000
v -0.19751 -0.88770 0.000
v -0.19337 -0.87402 0.000
v -0.20166 -0.86621 0.000
v -0.17818 -0.84961 0.000
v -0.17818 -0.84277 0.000
v -0.19061 -0.84082 0.000
v -0.20166 -0.85254 0.000
v -0.21133 -0.85352 0.000
v -0.22514 -0.83887 0.000
v -0.22652 -0.81348 0.000
v -0.21961 -0.79688 0.000
v -0.20718 -0.78906 0.000
v -0.18923 -0.79980 0.000
v -0.18232 -0.79297 0.000
v -0.18508 -0.78320 0.000
v -0.19890 -0.77637 0.000
v -0.37293 -0.77637 0.000
v -0.35635 -0.77539 0.000
v -0.33978 -0.78125 0.000
v -0.32735 -0.79199 0.000
v -0.32459 -0.80566 0.000
v -0.33011 -0.81934 0.000
v -0.36740 -0.83594 0.000
v -0.36740 -0.86230 0.000
v -0.37707 -0.86621 0.000
v -0.38674 -0.84961 0.000
v -0.38674 -0.78711 0.000
v -0.37431 -0.77637 0.000
v -0.37155 -0.77539 0.000
v -0.38674 -0.78711 0.000
v -0.38674 -0.84961 0.000
v -0.37707 -0.86621 0.000
v -0.36740 -0.86230 0.000
v -0.36740 -0.83691 0.000
v -0.33840 -0.82617 0.000
v -0.32597 -0.81250 0.000
v -0.33011 -0.78809 0.000
v -0.35635 -0.77539 0.000
v 0.37983 -0.76758 0.000
v 0.38812 -0.76855 0.000
v 0.38812 -0.80664 0.000
v 0.38260 -0.83691 0.000
v 0.37293 -0.83887 0.000
v 0.36878 -0.79199 0.000
v 0.37155 -0.77148 0.000
v 0.37845 -0.76758 0.000
v 0.38122 -0.76660 0.000
v 0.37155 -0.77051 0.000
v 0.37017 -0.77832 0.000
v 0.37155 -0.83887 0.000
v 0.38122 -0.83887 0.000
v 0.38674 -0.81934 0.000
v 0.38536 -0.76660 0.000
v -0.69751 -0.74219 0.000
v -0.69337 -0.75000 0.000
v -0.69751 -0.74414 0.000
v 0.70304 -0.71289 0.000
v 0.71409 -0.71875 0.000
v 0.70856 -0.72559 0.000
v 0.69475 -0.72168 0.000
v 0.70028 -0.71484 0.000
v 0.70304 -0.71289 0.000
v 0.69475 -0.71777 0.000
v 0.69890 -0.72559 0.000
v 0.71271 -0.72363 0.000
v 0.70856 -0.71289 0.000
v -0.19613 -0.67285 0.000
v -0.20304 -0.69434 0.000
v -0.18923 -0.69434 0.000
v -0.19337 -0.67285 0.000
v -0.18923 -0.69336 0.000
v -0.20304 -0.69336 0.000
v -0.19613 -0.67383 0.000
v 0.16851 -0.67188 0.000
v 0.17403 -0.67383 0.000
v 0.17541 -0.69434 0.000
v 0.16298 -0.69336 0.000
v 0.16851 -0.67676 0.000
v 0.16851 -0.67090 0.000
v 0.16298 -0.69434 0.000
v 0.17680 -0.69434 0.000
v 0.17265 -0.67090 0.000
v 0.65331 -0.66992 0.000
v 0.66022 -0.69336 0.000
v 0.64365 -0.69336 0.000
v 0.65055 -0.67090 0.000
v 0.64365 -0.69434 0.000
v 0.66022 -0.69434 0.000
v 0.65331 -0.67188 0.000
v 0.34530 -0.66016 0.000
v 0.35221 -0.66016 0.000
v 0.36050 -0.67773 0.000
v 0.35912 -0.70215 0.000
v 0.34807 -0.71484 0.000
v 0.33840 -0.70996 0.000
v 0.33287 -0.69727 0.000
v 0.33425 -0.67188 0.000
v 0.34392 -0.66016 0.000
v 0.34530 -0.65918 0.000
v 0.33287 -0.67676 0.000
v 0.33425 -0.70312 0.000
v 0.34392 -0.71484 0.000
v 0.35359 -0.71191 0.000
v 0.36050 -0.69727 0.000
v 0.36050 -0.67773 0.000
v 0.35221 -0.65918 0.000
v -0.12707 -0.65820 0.000
v -0.11740 -0.66309 0.000
v -0.11188 -0.67676 0.000
v -0.11326 -0.70020 0.000
v -0.12431 -0.71484 0.000
v -0.13674 -0.70703 0.000
v -0.14088 -0.69238 0.000
v -0.13122 -0.66113 0.000
v -0.52072 -0.65820 0.000
v -0.51105 -0.66406 0.000
v -0.50552 -0.67773 0.000
v -0.50829 -0.70410 0.000
v -0.51934 -0.71484 0.000
v -0.53315 -0.69922 0.000
v -0.53315 -0.67383 0.000
v -0.52624 -0.66211 0.000
v -0.12707 -0.65820 0.000
v -0.14088 -0.68457 0.000
v -0.13812 -0.70410 0.000
v -0.12845 -0.71484 0.000
v -0.12017 -0.71289 0.000
v -0.11188 -0.69336 0.000
v -0.11326 -0.67090 0.000
v -0.12431 -0.65820 0.000
v -0.52210 -0.65820 0.000
v -0.53315 -0.67383 0.000
v -0.53315 -0.69922 0.000
v -0.52624 -0.71289 0.000
v -0.51796 -0.71484 0.000
v -0.50829 -0.70410 0.000
v -0.50552 -0.67773 0.000
v -0.51105 -0.66309 0.000
v -0.52072 -0.65820 0.000
v 0.45442 -0.64941 0.000
v 0.46409 -0.65332 0.000
v 0.46409 -0.72168 0.000
v 0.45718 -0.72656 0.000
v 0.44751 -0.71777 0.000
v 0.44751 -0.65527 0.000
v 0.45304 -0.64941 0.000
v 0.64917 -0.64844 0.000
v 0.66298 -0.65332 0.000
v 0.68370 -0.71191 0.000
v 0.67818 -0.72559 0.000
v 0.66713 -0.72168 0.000
v 0.66436 -0.70898 0.000
v 0.65746 -0.70605 0.000
v 0.64088 -0.70703 0.000
v 0.62983 -0.72559 0.000
v 0.62017 -0.72266 0.000
v 0.63812 -0.66113 0.000
v 0.64779 -0.64844 0.000
v 0.59945 -0.64746 0.000
v 0.60912 -0.65234 0.000
v 0.60773 -0.72461 0.000
v 0.59392 -0.72266 0.000
v 0.59254 -0.69531 0.000
v 0.56906 -0.69434 0.000
v 0.56768 -0.72461 0.000
v 0.55663 -0.72559 0.000
v 0.55110 -0.70801 0.000
v 0.55249 -0.65332 0.000
v 0.56630 -0.64941 0.000
v 0.56906 -0.68359 0.000
v 0.59254 -0.68164 0.000
v 0.59392 -0.65137 0.000
v 0.45442 -0.64844 0.000
v 0.44751 -0.65527 0.000
v 0.44751 -0.71777 0.000
v 0.45580 -0.72656 0.000
v 0.46409 -0.72266 0.000
v 0.46409 -0.65332 0.000
v 0.45856 -0.64844 0.000
v 0.39641 -0.64844 0.000
v 0.43508 -0.65039 0.000
v 0.43094 -0.66699 0.000
v 0.40331 -0.71387 0.000
v 0.43094 -0.71484 0.000
v 0.43508 -0.72070 0.000
v 0.42680 -0.72559 0.000
v 0.40055 -0.72656 0.000
v 0.38398 -0.72168 0.000
v 0.38812 -0.70410 0.000
v 0.41575 -0.66211 0.000
v 0.38812 -0.65820 0.000
v 0.38536 -0.65430 0.000
v 0.39227 -0.64844 0.000
v 0.34254 -0.64844 0.000
v 0.35359 -0.64844 0.000
v 0.36878 -0.65723 0.000
v 0.37707 -0.67383 0.000
v 0.37293 -0.70898 0.000
v 0.35497 -0.72559 0.000
v 0.33425 -0.72461 0.000
v 0.31906 -0.70508 0.000
v 0.31906 -0.66797 0.000
v 0.33840 -0.64844 0.000
v 0.16989 -0.64844 0.000
v 0.18370 -0.65527 0.000
v 0.20304 -0.71973 0.000
v 0.19751 -0.72656 0.000
v 0.18923 -0.72266 0.000
v 0.18094 -0.70605 0.000
v 0.15746 -0.70703 0.000
v 0.15470 -0.72168 0.000
v 0.14917 -0.72559 0.000
v 0.13950 -0.72266 0.000
v 0.15470 -0.66309 0.000
v 0.16851 -0.64844 0.000
v 0.09254 -0.64844 0.000
v 0.14088 -0.65039 0.000
v 0.13950 -0.65723 0.000
v 0.12017 -0.66016 0.000
v 0.12017 -0.72070 0.000
v 0.11188 -0.72656 0.000
v 0.10221 -0.71680 0.000
v 0.10221 -0.66016 0.000
v 0.08840 -0.65918 0.000
v 0.08149 -0.65332 0.000
v 0.08978 -0.64844 0.000
v -0.01657 -0.64844 0.000
v 0.00414 -0.64746 0.000
v 0.01105 -0.65137 0.000
v 0.00276 -0.65918 0.000
v -0.01796 -0.66016 0.000
v -0.01796 -0.68262 0.000
v 0.00691 -0.68359 0.000
v 0.00138 -0.69238 0.000
v -0.01796 -0.69434 0.000
v -0.01796 -0.71484 0.000
v 0.00691 -0.71484 0.000
v 0.01519 -0.71973 0.000
v 0.00000 -0.72656 0.000
v -0.02901 -0.72559 0.000
v -0.03453 -0.72070 0.000
v -0.03315 -0.65039 0.000
v -0.02486 -0.64844 0.000
v -0.12983 -0.64844 0.000
v -0.11878 -0.64844 0.000
v -0.10359 -0.65723 0.000
v -0.09530 -0.67578 0.000
v -0.10083 -0.71191 0.000
v -0.12293 -0.72656 0.000
v -0.14503 -0.71973 0.000
v -0.15608 -0.70020 0.000
v -0.15331 -0.66699 0.000
v -0.13398 -0.64844 0.000
v -0.19890 -0.64844 0.000
v -0.18646 -0.65234 0.000
v -0.16298 -0.71582 0.000
v -0.16713 -0.72559 0.000
v -0.17956 -0.72168 0.000
v -0.18232 -0.70898 0.000
v -0.18923 -0.70605 0.000
v -0.20718 -0.70801 0.000
v -0.21823 -0.72559 0.000
v -0.22652 -0.72168 0.000
v -0.21133 -0.66211 0.000
v -0.20028 -0.64844 0.000
v -0.39917 -0.64844 0.000
v -0.36602 -0.65039 0.000
v -0.37431 -0.65918 0.000
v -0.39503 -0.66016 0.000
v -0.39503 -0.68164 0.000
v -0.37155 -0.68359 0.000
v -0.37707 -0.69238 0.000
v -0.39503 -0.69434 0.000
v -0.39503 -0.71387 0.000
v -0.36740 -0.71484 0.000
v -0.36188 -0.71973 0.000
v -0.37017 -0.72559 0.000
v -0.39917 -0.72656 0.000
v -0.41160 -0.72070 0.000
v -0.41298 -0.65820 0.000
v -0.40331 -0.64844 0.000
v -0.45166 -0.64844 0.000
v -0.43785 -0.64941 0.000
v -0.42680 -0.65820 0.000
v -0.42818 -0.66699 0.000
v -0.45304 -0.65918 0.000
v -0.46271 -0.67676 0.000
v -0.45856 -0.71094 0.000
v -0.44751 -0.71582 0.000
v -0.43094 -0.70410 0.000
v -0.42403 -0.70801 0.000
v -0.42956 -0.71973 0.000
v -0.44475 -0.72656 0.000
v -0.45580 -0.72656 0.000
v -0.46823 -0.71973 0.000
v -0.48066 -0.69434 0.000
v -0.47652 -0.66602 0.000
v -0.45580 -0.64844 0.000
v -0.61602 -0.64844 0.000
v -0.62017 -0.66016 0.000
v -0.59669 -0.72363 0.000
v -0.58425 -0.72754 0.000
v -0.57182 -0.71094 0.000
v -0.55663 -0.65234 0.000
v -0.56630 -0.64844 0.000
v -0.57459 -0.65918 0.000
v -0.58564 -0.70215 0.000
v -0.57182 -0.65332 0.000
v -0.56492 -0.64844 0.000
v -0.55801 -0.65039 0.000
v -0.55663 -0.66309 0.000
v -0.57873 -0.72266 0.000
v -0.58978 -0.72754 0.000
v -0.60221 -0.71484 0.000
v -0.61878 -0.66699 0.000
v -0.61878 -0.65137 0.000
v -0.61050 -0.64844 0.000
v -0.58840 -0.70215 0.000
v -0.60497 -0.65137 0.000
v -0.61050 -0.64844 0.000
v 0.65055 -0.64746 0.000
v 0.63812 -0.66113 0.000
v 0.62155 -0.70898 0.000
v 0.62155 -0.72559 0.000
v 0.63536 -0.72266 0.000
v 0.63950 -0.70898 0.000
v 0.64779 -0.70605 0.000
v 0.66298 -0.70801 0.000
v 0.67127 -0.72559 0.000
v 0.68370 -0.72168 0.000
v 0.66575 -0.65625 0.000
v 0.65193 -0.64746 0.000
v 0.56630 -0.64746 0.000
v 0.55249 -0.65332 0.000
v 0.55525 -0.72559 0.000
v 0.56768 -0.72461 0.000
v 0.57044 -0.69434 0.000
v 0.59254 -0.69629 0.000
v 0.59392 -0.72363 0.000
v 0.60773 -0.72559 0.000
v 0.60912 -0.65234 0.000
v 0.60359 -0.64746 0.000
v 0.59392 -0.65039 0.000
v 0.59254 -0.68066 0.000
v 0.57044 -0.68359 0.000
v 0.56630 -0.65137 0.000
v 0.52901 -0.64746 0.000
v 0.52210 -0.65625 0.000
v 0.52210 -0.69336 0.000
v 0.49862 -0.65430 0.000
v 0.49033 -0.64844 0.000
v 0.48343 -0.65039 0.000
v 0.47790 -0.66602 0.000
v 0.48204 -0.72559 0.000
v 0.49448 -0.72266 0.000
v 0.49448 -0.68066 0.000
v 0.49448 -0.72168 0.000
v 0.48895 -0.72559 0.000
v 0.48066 -0.72266 0.000
v 0.47790 -0.66602 0.000
v 0.48619 -0.64844 0.000
v 0.49862 -0.65527 0.000
v 0.52210 -0.69336 0.000
v 0.52210 -0.65625 0.000
v 0.52624 -0.64844 0.000
v 0.53729 -0.64941 0.000
v 0.53591 -0.72461 0.000
v 0.52762 -0.72559 0.000
v 0.51934 -0.71875 0.000
v 0.49724 -0.68262 0.000
v 0.52210 -0.72266 0.000
v 0.53867 -0.72266 0.000
v 0.54006 -0.66406 0.000
v 0.53453 -0.64746 0.000
v 0.39779 -0.64746 0.000
v 0.38674 -0.65137 0.000
v 0.38674 -0.65820 0.000
v 0.41575 -0.66113 0.000
v 0.38398 -0.71289 0.000
v 0.38536 -0.72363 0.000
v 0.40055 -0.72656 0.000
v 0.42680 -0.72559 0.000
v 0.43646 -0.72070 0.000
v 0.43232 -0.71484 0.000
v 0.40331 -0.71289 0.000
v 0.43508 -0.65723 0.000
v 0.43508 -0.64941 0.000
v 0.42127 -0.64746 0.000
v 0.34392 -0.64746 0.000
v 0.32597 -0.65527 0.000
v 0.31768 -0.67383 0.000
v 0.32044 -0.70996 0.000
v 0.33702 -0.72559 0.000
v 0.35497 -0.72559 0.000
v 0.36602 -0.71973 0.000
v 0.37707 -0.69531 0.000
v 0.37155 -0.66016 0.000
v 0.36050 -0.65039 0.000
v 0.34807 -0.64746 0.000
v 0.28315 -0.64746 0.000
v 0.29420 -0.64746 0.000
v 0.30525 -0.65527 0.000
v 0.30249 -0.66602 0.000
v 0.28177 -0.65820 0.000
v 0.27624 -0.66797 0.000
v 0.30939 -0.70117 0.000
v 0.30525 -0.71680 0.000
v 0.28453 -0.72754 0.000
v 0.26519 -0.72266 0.000
v 0.25552 -0.71094 0.000
v 0.26657 -0.70508 0.000
v 0.27624 -0.71484 0.000
v 0.29144 -0.71289 0.000
v 0.29006 -0.69824 0.000
v 0.25967 -0.67090 0.000
v 0.26105 -0.65820 0.000
v 0.27901 -0.64746 0.000
v 0.17127 -0.64746 0.000
v 0.16160 -0.65137 0.000
v 0.15470 -0.66309 0.000
v 0.13950 -0.72363 0.000
v 0.15470 -0.72266 0.000
v 0.16022 -0.70605 0.000
v 0.18094 -0.70605 0.000
v 0.18923 -0.72363 0.000
v 0.19890 -0.72656 0.000
v 0.20304 -0.71973 0.000
v 0.18232 -0.65234 0.000
v 0.17403 -0.64746 0.000
v 0.09392 -0.64746 0.000
v 0.08149 -0.65332 0.000
v 0.10221 -0.66113 0.000
v 0.10221 -0.71680 0.000
v 0.11188 -0.72656 0.000
v 0.12017 -0.72070 0.000
v 0.12017 -0.66113 0.000
v 0.14088 -0.65723 0.000
v 0.14088 -0.64941 0.000
v 0.12293 -0.64746 0.000
v 0.04696 -0.64746 0.000
v 0.05801 -0.64746 0.000
v 0.07182 -0.65625 0.000
v 0.07044 -0.66504 0.000
v 0.06215 -0.66602 0.000
v 0.04696 -0.65820 0.000
v 0.04144 -0.66699 0.000
v 0.07597 -0.70117 0.000
v 0.07320 -0.71680 0.000
v 0.04972 -0.72754 0.000
v 0.02901 -0.72070 0.000
v 0.02348 -0.70703 0.000
v 0.03453 -0.70605 0.000
v 0.04558 -0.71582 0.000
v 0.05939 -0.71191 0.000
v 0.05525 -0.69727 0.000
v 0.02624 -0.67188 0.000
v 0.02624 -0.65918 0.000
v 0.04282 -0.64746 0.000
v -0.01519 -0.64746 0.000
v -0.03315 -0.64941 0.000
v -0.03591 -0.71582 0.000
v -0.03315 -0.72461 0.000
v 0.00000 -0.72656 0.000
v 0.01519 -0.71973 0.000
v 0.00691 -0.71484 0.000
v -0.01796 -0.71387 0.000
v -0.01796 -0.69531 0.000
v 0.00691 -0.68848 0.000
v 0.00414 -0.68164 0.000
v -0.01796 -0.68164 0.000
v -0.01796 -0.66113 0.000
v 0.00691 -0.65820 0.000
v 0.01105 -0.65039 0.000
v 0.00414 -0.64746 0.000
v -0.12845 -0.64746 0.000
v -0.14917 -0.65918 0.000
v -0.15746 -0.68262 0.000
v -0.15055 -0.71387 0.000
v -0.13122 -0.72656 0.000
v -0.10773 -0.72070 0.000
v -0.09530 -0.69434 0.000
v -0.10083 -0.66016 0.000
v -0.11188 -0.65039 0.000
v -0.12431 -0.64746 0.000
v -0.19751 -0.64746 0.000
v -0.21133 -0.66211 0.000
v -0.22652 -0.72168 0.000
v -0.21685 -0.72559 0.000
v -0.20856 -0.70996 0.000
v -0.18923 -0.70605 0.000
v -0.18232 -0.70996 0.000
v -0.17956 -0.72266 0.000
v -0.16575 -0.72559 0.000
v -0.16298 -0.71582 0.000
v -0.18646 -0.65137 0.000
v -0.19613 -0.64746 0.000
v -0.24448 -0.64746 0.000
v -0.25691 -0.65527 0.000
v -0.25691 -0.69336 0.000
v -0.29006 -0.64844 0.000
v -0.30110 -0.65137 0.000
v -0.29972 -0.72559 0.000
v -0.28867 -0.72559 0.000
v -0.28591 -0.68359 0.000
v -0.28729 -0.67871 0.000
v -0.28591 -0.72070 0.000
v -0.29834 -0.72559 0.000
v -0.30249 -0.65430 0.000
v -0.29558 -0.64844 0.000
v -0.28453 -0.65332 0.000
v -0.25414 -0.69531 0.000
v -0.25691 -0.65527 0.000
v -0.24448 -0.64746 0.000
v -0.23757 -0.67969 0.000
v -0.24171 -0.72461 0.000
v -0.25967 -0.71973 0.000
v -0.28453 -0.68066 0.000
v -0.25967 -0.72070 0.000
v -0.24033 -0.72461 0.000
v -0.23757 -0.67969 0.000
v -0.24309 -0.64844 0.000
v -0.39779 -0.64746 0.000
v -0.41298 -0.65820 0.000
v -0.41160 -0.72168 0.000
v -0.39917 -0.72656 0.000
v -0.37017 -0.72559 0.000
v -0.36188 -0.72070 0.000
v -0.36602 -0.71484 0.000
v -0.39503 -0.71289 0.000
v -0.39503 -0.69531 0.000
v -0.37569 -0.69238 0.000
v -0.37155 -0.68555 0.000
v -0.39503 -0.68066 0.000
v -0.39503 -0.66113 0.000
v -0.36740 -0.65625 0.000
v -0.36602 -0.64941 0.000
v -0.37707 -0.64746 0.000
v -0.45028 -0.64746 0.000
v -0.47099 -0.65723 0.000
v -0.48066 -0.68164 0.000
v -0.47514 -0.71191 0.000
v -0.45580 -0.72656 0.000
v -0.43646 -0.72461 0.000
v -0.42403 -0.71289 0.000
v -0.42680 -0.70410 0.000
v -0.44751 -0.71582 0.000
v -0.46133 -0.70508 0.000
v -0.46271 -0.67676 0.000
v -0.45580 -0.66211 0.000
v -0.44751 -0.65820 0.000
v -0.43785 -0.66699 0.000
v -0.42680 -0.66699 0.000
v -0.42818 -0.65527 0.000
v -0.44475 -0.64746 0.000
v -0.52210 -0.64746 0.000
v -0.50276 -0.65234 0.000
v -0.48895 -0.67773 0.000
v -0.49448 -0.71094 0.000
v -0.51381 -0.72656 0.000
v -0.52624 -0.72656 0.000
v -0.54006 -0.71875 0.000
v -0.54972 -0.69922 0.000
v -0.54558 -0.66406 0.000
v -0.52624 -0.64746 0.000
v 0.28453 -0.64648 0.000
v 0.26381 -0.65430 0.000
v 0.25967 -0.67090 0.000
v 0.29006 -0.69922 0.000
v 0.29282 -0.70898 0.000
v 0.28453 -0.71582 0.000
v 0.26796 -0.70508 0.000
v 0.25967 -0.70508 0.000
v 0.25552 -0.71094 0.000
v 0.26381 -0.72266 0.000
v 0.28039 -0.72754 0.000
v 0.29834 -0.72363 0.000
v 0.30939 -0.70801 0.000
v 0.30525 -0.69336 0.000
v 0.27624 -0.66797 0.000
v 0.28177 -0.65820 0.000
v 0.30525 -0.66504 0.000
v 0.30387 -0.65234 0.000
v 0.28729 -0.64648 0.000
v 0.04834 -0.64648 0.000
v 0.02762 -0.65625 0.000
v 0.02624 -0.67188 0.000
v 0.05525 -0.69824 0.000
v 0.05939 -0.71094 0.000
v 0.04558 -0.71582 0.000
v 0.03591 -0.70605 0.000
v 0.02348 -0.70703 0.000
v 0.02901 -0.72168 0.000
v 0.04420 -0.72754 0.000
v 0.06354 -0.72461 0.000
v 0.07597 -0.71191 0.000
v 0.07320 -0.69434 0.000
v 0.04144 -0.66699 0.000
v 0.04834 -0.65820 0.000
v 0.06077 -0.66602 0.000
v 0.07320 -0.66406 0.000
v 0.07044 -0.65332 0.000
v 0.05110 -0.64648 0.000
v -0.52072 -0.64648 0.000
v -0.54144 -0.65625 0.000
v -0.55110 -0.68359 0.000
v -0.54420 -0.71484 0.000
v -0.52624 -0.72656 0.000
v -0.50138 -0.72070 0.000
v -0.48895 -0.69531 0.000
v -0.49309 -0.66406 0.000
v -0.50276 -0.65137 0.000
v -0.51657 -0.64648 0.000
v 0.75967 -0.62988 0.000
v 0.76381 -0.63379 0.000
v 0.75967 -0.63184 0.000
v -0.17680 -0.62402 0.000
v -0.16989 -0.62598 0.000
v -0.16989 -0.63281 0.000
v -0.17818 -0.63965 0.000
v -0.21823 -0.63770 0.000
v -0.20994 -0.62500 0.000
v -0.18370 -0.62891 0.000
v -0.17680 -0.62402 0.000
v -0.18508 -0.62891 0.000
v -0.20994 -0.62500 0.000
v -0.21685 -0.62891 0.000
v -0.21823 -0.63867 0.000
v -0.20994 -0.64062 0.000
v -0.20304 -0.63574 0.000
v -0.17680 -0.63965 0.000
v -0.16989 -0.63281 0.000
v -0.17127 -0.62402 0.000
v 0.18923 -0.62305 0.000
v 0.19475 -0.62207 0.000
v 0.19890 -0.62793 0.000
v 0.17403 -0.64160 0.000
v 0.17403 -0.63281 0.000
v 0.18785 -0.62305 0.000
v -0.39088 -0.62305 0.000
v -0.37155 -0.63086 0.000
v -0.37155 -0.63965 0.000
v -0.38674 -0.63379 0.000
v -0.40055 -0.64160 0.000
v -0.40746 -0.63867 0.000
v -0.39227 -0.62305 0.000
v 0.19061 -0.62207 0.000
v 0.17403 -0.63184 0.000
v 0.17265 -0.64160 0.000
v 0.19613 -0.63184 0.000
v 0.19613 -0.62207 0.000
v -0.38950 -0.62207 0.000
v -0.40055 -0.62695 0.000
v -0.40608 -0.64062 0.000
v -0.39641 -0.64062 0.000
v -0.38950 -0.63379 0.000
v -0.37845 -0.63965 0.000
v -0.36878 -0.63867 0.000
v -0.37155 -0.62988 0.000
v -0.38674 -0.62207 0.000
v -0.71409 -0.62109 0.000
v -0.71961 -0.66992 0.000
v -0.69751 -0.74219 0.000
v -0.72376 -0.66699 0.000
v -0.72376 -0.64453 0.000
v -0.71409 -0.62207 0.000
v -0.70718 -0.61230 0.000
v -0.71133 -0.62109 0.000
v -0.70994 -0.61426 0.000
v 0.69751 -0.58301 0.000
v 0.70442 -0.58398 0.000
v 0.69890 -0.58398 0.000
v -0.66436 -0.58301 0.000
v -0.65884 -0.58301 0.000
v -0.66298 -0.58398 0.000
v -0.65884 -0.58008 0.000
v -0.65331 -0.58105 0.000
v -0.65884 -0.58203 0.000
v -0.66436 -0.57910 0.000
v -0.65884 -0.57910 0.000
v -0.66298 -0.58008 0.000
v -0.67127 -0.57715 0.000
v -0.66298 -0.57812 0.000
v -0.66989 -0.57812 0.000
v -0.67956 -0.57422 0.000
v -0.67265 -0.57520 0.000
v -0.67680 -0.57617 0.000
v -0.69061 -0.57031 0.000
v -0.68094 -0.57227 0.000
v -0.68785 -0.57227 0.000
v -0.77210 -0.51367 0.000
v -0.76796 -0.51562 0.000
v -0.77210 -0.51465 0.000
v -0.78039 -0.50098 0.000
v -0.77624 -0.50488 0.000
v -0.78039 -0.50293 0.000
v 0.55249 -0.48535 0.000
v 0.55801 -0.48535 0.000
v 0.55387 -0.48633 0.000
v -0.36326 -0.46191 0.000
v -0.37569 -0.48145 0.000
v -0.39503 -0.49023 0.000
v -0.39227 -0.49512 0.000
v -0.36188 -0.49316 0.000
v -0.32735 -0.47461 0.000
v -0.36602 -0.49414 0.000
v -0.39088 -0.49512 0.000
v -0.39503 -0.49121 0.000
v -0.37569 -0.48242 0.000
v -0.36326 -0.46387 0.000
v 0.56077 -0.45996 0.000
v 0.50967 -0.47266 0.000
v 0.47099 -0.50488 0.000
v 0.52901 -0.48828 0.000
v 0.55249 -0.48730 0.000
v 0.47376 -0.50977 0.000
v 0.55801 -0.48633 0.000
v 0.52901 -0.48828 0.000
v 0.47099 -0.50488 0.000
v 0.50552 -0.47559 0.000
v 0.54006 -0.46289 0.000
v 0.58840 -0.45996 0.000
v 0.63812 -0.47168 0.000
v 0.60359 -0.49707 0.000
v 0.57044 -0.51074 0.000
v 0.53453 -0.51660 0.000
v 0.47238 -0.51172 0.000
v 0.53453 -0.51660 0.000
v 0.59116 -0.50391 0.000
v 0.62983 -0.48047 0.000
v 0.63812 -0.46973 0.000
v 0.58840 -0.45996 0.000
v -0.64088 -0.45996 0.000
v -0.61050 -0.45996 0.000
v -0.57597 -0.47070 0.000
v -0.54420 -0.50000 0.000
v -0.58702 -0.48633 0.000
v -0.60635 -0.48535 0.000
v -0.54282 -0.50684 0.000
v -0.59392 -0.51172 0.000
v -0.63260 -0.50391 0.000
v -0.66298 -0.48633 0.000
v -0.67956 -0.46973 0.000
v -0.64917 -0.45996 0.000
v -0.63950 -0.45898 0.000
v -0.67956 -0.46875 0.000
v -0.64641 -0.49805 0.000
v -0.62845 -0.50586 0.000
v -0.59392 -0.51172 0.000
v -0.54282 -0.50781 0.000
v -0.60359 -0.48535 0.000
v -0.58702 -0.48633 0.000
v -0.54144 -0.50098 0.000
v -0.56768 -0.47461 0.000
v -0.59116 -0.46387 0.000
v -0.61878 -0.45898 0.000
v -0.78177 -0.43750 0.000
v -0.78867 -0.47559 0.000
v -0.78039 -0.50098 0.000
v -0.79282 -0.46875 0.000
v -0.78453 -0.43945 0.000
v 0.74033 -0.43555 0.000
v 0.74448 -0.43945 0.000
v 0.74033 -0.43750 0.000
v 0.39365 -0.41992 0.000
v 0.41989 -0.47754 0.000
v 0.39365 -0.42090 0.000
v -0.80249 -0.38672 0.000
v -0.79834 -0.39355 0.000
v -0.80249 -0.38867 0.000
v -0.80801 -0.37695 0.000
v -0.80249 -0.38672 0.000
v -0.80801 -0.37891 0.000
v 0.36188 -0.36328 0.000
v 0.35359 -0.39258 0.000
v 0.35635 -0.42676 0.000
v 0.37845 -0.45898 0.000
v 0.41436 -0.48047 0.000
v 0.39088 -0.41992 0.000
v 0.41298 -0.48047 0.000
v 0.37845 -0.45801 0.000
v 0.35635 -0.42676 0.000
v 0.35359 -0.39258 0.000
v 0.36326 -0.36328 0.000
v 0.40746 -0.39160 0.000
v 0.42818 -0.41895 0.000
v 0.43232 -0.44922 0.000
v 0.42265 -0.47852 0.000
v 0.43232 -0.44922 0.000
v 0.42680 -0.41602 0.000
v 0.40746 -0.39062 0.000
v 0.36464 -0.36328 0.000
v -0.51105 -0.36328 0.000
v -0.53453 -0.39258 0.000
v -0.54006 -0.42578 0.000
v -0.52762 -0.45605 0.000
v -0.51105 -0.47461 0.000
v -0.50691 -0.42676 0.000
v -0.50276 -0.47559 0.000
v -0.50829 -0.42090 0.000
v -0.50967 -0.47461 0.000
v -0.52901 -0.45312 0.000
v -0.54006 -0.42578 0.000
v -0.53453 -0.39258 0.000
v -0.50829 -0.36328 0.000
v -0.48343 -0.39355 0.000
v -0.47652 -0.41406 0.000
v -0.47928 -0.44238 0.000
v -0.50000 -0.47559 0.000
v -0.47928 -0.44238 0.000
v -0.47652 -0.41406 0.000
v -0.48619 -0.38867 0.000
v -0.50691 -0.36328 0.000
v 0.81215 -0.35645 0.000
v 0.81215 -0.36230 0.000
v 0.81215 -0.35840 0.000
v -0.70856 -0.32715 0.000
v -0.66436 -0.33203 0.000
v -0.63398 -0.34668 0.000
v -0.61464 -0.36719 0.000
v -0.60359 -0.39648 0.000
v -0.65470 -0.36426 0.000
v -0.60912 -0.40430 0.000
v -0.65884 -0.39258 0.000
v -0.68646 -0.37500 0.000
v -0.70304 -0.35352 0.000
v -0.71133 -0.32910 0.000
v 0.66713 -0.32715 0.000
v 0.69751 -0.32715 0.000
v 0.70994 -0.33301 0.000
v 0.68923 -0.35742 0.000
v 0.66160 -0.37793 0.000
v 0.61188 -0.39453 0.000
v 0.55110 -0.39551 0.000
v 0.63122 -0.35938 0.000
v 0.60635 -0.36426 0.000
v 0.54972 -0.39062 0.000
v 0.55801 -0.37402 0.000
v 0.59254 -0.34473 0.000
v 0.61740 -0.33398 0.000
v 0.65608 -0.32715 0.000
v -0.70856 -0.32715 0.000
v -0.70856 -0.34180 0.000
v -0.68646 -0.37598 0.000
v -0.66022 -0.39258 0.000
v -0.60773 -0.40430 0.000
v -0.65470 -0.36426 0.000
v -0.60221 -0.39844 0.000
v -0.61602 -0.36426 0.000
v -0.63398 -0.34570 0.000
v -0.66436 -0.33203 0.000
v -0.70718 -0.32812 0.000
v 0.66851 -0.32617 0.000
v 0.61602 -0.33398 0.000
v 0.59116 -0.34473 0.000
v 0.56630 -0.36426 0.000
v 0.54696 -0.39160 0.000
v 0.60773 -0.36426 0.000
v 0.62983 -0.35938 0.000
v 0.55110 -0.39648 0.000
v 0.61188 -0.39453 0.000
v 0.65746 -0.38086 0.000
v 0.68370 -0.36328 0.000
v 0.70994 -0.33008 0.000
v 0.68785 -0.32617 0.000
v 0.81077 -0.29688 0.000
v 0.81492 -0.30078 0.000
v 0.81077 -0.29883 0.000
v -0.81354 -0.29395 0.000
v -0.82044 -0.34082 0.000
v -0.80801 -0.37695 0.000
v -0.82459 -0.33203 0.000
v -0.81354 -0.29492 0.000
v -0.01105 -0.27051 0.000
v 0.14088 -0.33691 0.000
v 0.18094 -0.34277 0.000
v 0.19475 -0.33496 0.000
v 0.25138 -0.40723 0.000
v 0.28315 -0.46387 0.000
v 0.30663 -0.52637 0.000
v 0.31630 -0.58789 0.000
v 0.25414 -0.60547 0.000
v 0.12431 -0.61523 0.000
v 0.10497 -0.49609 0.000
v 0.08978 -0.45215 0.000
v 0.06354 -0.40723 0.000
v 0.04006 -0.38281 0.000
v 0.00138 -0.35840 0.000
v -0.04144 -0.34570 0.000
v -0.08840 -0.34473 0.000
v -0.04144 -0.34570 0.000
v 0.00000 -0.35840 0.000
v 0.04006 -0.38379 0.000
v 0.06354 -0.40820 0.000
v 0.08287 -0.43750 0.000
v 0.10497 -0.49609 0.000
v 0.11878 -0.55859 0.000
v 0.12293 -0.61426 0.000
v 0.11740 -0.61426 0.000
v 0.09530 -0.48926 0.000
v 0.07735 -0.44238 0.000
v 0.05525 -0.40625 0.000
v 0.03453 -0.38477 0.000
v -0.00414 -0.36133 0.000
v -0.04006 -0.34961 0.000
v -0.08840 -0.34668 0.000
v -0.04006 -0.34961 0.000
v 0.01105 -0.37012 0.000
v 0.04006 -0.39062 0.000
v 0.06768 -0.42480 0.000
v 0.09945 -0.50488 0.000
v 0.11740 -0.61426 0.000
v -0.01381 -0.61719 0.000
v -0.22099 -0.60938 0.000
v -0.20166 -0.47656 0.000
v -0.17127 -0.38672 0.000
v -0.13398 -0.34277 0.000
v -0.01519 -0.27344 0.000
v 0.44475 -0.25098 0.000
v 0.43094 -0.29199 0.000
v 0.43508 -0.32422 0.000
v 0.45166 -0.34863 0.000
v 0.48619 -0.37402 0.000
v 0.47099 -0.31250 0.000
v 0.49171 -0.37207 0.000
v 0.47099 -0.31152 0.000
v 0.48481 -0.37402 0.000
v 0.45166 -0.34766 0.000
v 0.43508 -0.32422 0.000
v 0.43232 -0.28320 0.000
v 0.44751 -0.25098 0.000
v 0.48343 -0.27734 0.000
v 0.50276 -0.30469 0.000
v 0.50552 -0.34668 0.000
v 0.49448 -0.37305 0.000
v 0.50552 -0.34668 0.000
v 0.50276 -0.30469 0.000
v 0.48343 -0.27637 0.000
v 0.44890 -0.25098 0.000
v 0.77348 -0.23828 0.000
v 0.77348 -0.24512 0.000
v 0.77348 -0.24023 0.000
v -0.64365 -0.22559 0.000
v -0.62293 -0.28516 0.000
v -0.64365 -0.22754 0.000
v 0.48757 -0.17871 0.000
v 0.49309 -0.17871 0.000
v 0.48895 -0.17969 0.000
v 0.66436 -0.17578 0.000
v 0.67127 -0.17969 0.000
v 0.67127 -0.20605 0.000
v 0.65470 -0.24707 0.000
v 0.61464 -0.28027 0.000
v 0.57735 -0.29688 0.000
v 0.61878 -0.23340 0.000
v 0.56906 -0.29590 0.000
v 0.56630 -0.25684 0.000
v 0.58287 -0.22363 0.000
v 0.61050 -0.20020 0.000
v 0.66160 -0.17578 0.000
v 0.66575 -0.17480 0.000
v 0.61878 -0.19434 0.000
v 0.58287 -0.22266 0.000
v 0.56630 -0.25684 0.000
v 0.56768 -0.29590 0.000
v 0.61740 -0.23535 0.000
v 0.57735 -0.29785 0.000
v 0.61602 -0.28027 0.000
v 0.65470 -0.24805 0.000
v 0.66989 -0.21582 0.000
v 0.66989 -0.17480 0.000
v 0.46547 -0.17090 0.000
v 0.48619 -0.17676 0.000
v 0.46547 -0.17188 0.000
v 0.66851 -0.16797 0.000
v 0.60773 -0.19336 0.000
v 0.57044 -0.22949 0.000
v 0.55801 -0.26172 0.000
v 0.56077 -0.30469 0.000
v 0.49862 -0.40820 0.000
v 0.55939 -0.30859 0.000
v 0.55939 -0.25488 0.000
v 0.57735 -0.22070 0.000
v 0.62155 -0.18652 0.000
v 0.66851 -0.16797 0.000
v 0.67680 -0.17090 0.000
v 0.67956 -0.20312 0.000
v 0.66575 -0.24316 0.000
v 0.62845 -0.27832 0.000
v 0.56630 -0.31055 0.000
v 0.50000 -0.42090 0.000
v 0.53453 -0.39844 0.000
v 0.57044 -0.35254 0.000
v 0.60912 -0.33105 0.000
v 0.64088 -0.32324 0.000
v 0.67680 -0.32129 0.000
v 0.71547 -0.32520 0.000
v 0.71823 -0.33301 0.000
v 0.68646 -0.36816 0.000
v 0.64917 -0.38965 0.000
v 0.60635 -0.40039 0.000
v 0.53591 -0.40430 0.000
v 0.48757 -0.44336 0.000
v 0.42680 -0.52148 0.000
v 0.45718 -0.50977 0.000
v 0.49862 -0.47363 0.000
v 0.53729 -0.45801 0.000
v 0.56492 -0.45410 0.000
v 0.60912 -0.45703 0.000
v 0.64503 -0.46582 0.000
v 0.64641 -0.47363 0.000
v 0.60221 -0.50391 0.000
v 0.55939 -0.51855 0.000
v 0.45166 -0.51855 0.000
v 0.40470 -0.54492 0.000
v 0.35221 -0.59180 0.000
v 0.34530 -0.58984 0.000
v 0.39917 -0.54004 0.000
v 0.41713 -0.50977 0.000
v 0.41575 -0.48926 0.000
v 0.37293 -0.46094 0.000
v 0.35083 -0.43066 0.000
v 0.34669 -0.38867 0.000
v 0.35635 -0.35840 0.000
v 0.37293 -0.36133 0.000
v 0.40193 -0.37891 0.000
v 0.43370 -0.41699 0.000
v 0.43923 -0.45215 0.000
v 0.42541 -0.48828 0.000
v 0.42541 -0.50684 0.000
v 0.45442 -0.47363 0.000
v 0.48343 -0.42676 0.000
v 0.48619 -0.38379 0.000
v 0.44199 -0.34668 0.000
v 0.42541 -0.31543 0.000
v 0.42818 -0.27051 0.000
v 0.44475 -0.24414 0.000
v 0.48619 -0.27148 0.000
v 0.51105 -0.30762 0.000
v 0.51381 -0.34082 0.000
v 0.49724 -0.38184 0.000
v 0.49586 -0.40820 0.000
v 0.49724 -0.38184 0.000
v 0.51381 -0.34082 0.000
v 0.51105 -0.30762 0.000
v 0.48619 -0.27051 0.000
v 0.44337 -0.24414 0.000
v 0.42818 -0.27051 0.000
v 0.42541 -0.31543 0.000
v 0.44199 -0.34766 0.000
v 0.48757 -0.38672 0.000
v 0.48619 -0.41699 0.000
v 0.47652 -0.44141 0.000
v 0.42680 -0.50684 0.000
v 0.42541 -0.48828 0.000
v 0.43923 -0.45215 0.000
v 0.43370 -0.41699 0.000
v 0.40193 -0.37793 0.000
v 0.37431 -0.36133 0.000
v 0.35635 -0.35742 0.000
v 0.34669 -0.38867 0.000
v 0.35083 -0.43066 0.000
v 0.37293 -0.46191 0.000
v 0.41575 -0.49023 0.000
v 0.41713 -0.50977 0.000
v 0.39917 -0.53906 0.000
v 0.34669 -0.58496 0.000
v 0.34669 -0.59180 0.000
v 0.35635 -0.58984 0.000
v 0.42403 -0.53223 0.000
v 0.45304 -0.51855 0.000
v 0.55939 -0.51855 0.000
v 0.60359 -0.50391 0.000
v 0.64641 -0.47461 0.000
v 0.64641 -0.46582 0.000
v 0.60912 -0.45703 0.000
v 0.56492 -0.45410 0.000
v 0.53729 -0.45801 0.000
v 0.49724 -0.47363 0.000
v 0.45580 -0.50977 0.000
v 0.42680 -0.52148 0.000
v 0.48757 -0.44434 0.000
v 0.53729 -0.40430 0.000
v 0.60635 -0.40039 0.000
v 0.65055 -0.38965 0.000
v 0.68646 -0.36914 0.000
v 0.71685 -0.33594 0.000
v 0.71823 -0.32617 0.000
v 0.67680 -0.32129 0.000
v 0.64779 -0.32227 0.000
v 0.60773 -0.33105 0.000
v 0.57044 -0.35156 0.000
v 0.53453 -0.39746 0.000
v 0.50000 -0.41992 0.000
v 0.56630 -0.31152 0.000
v 0.62983 -0.27832 0.000
v 0.66575 -0.24316 0.000
v 0.67956 -0.20312 0.000
v 0.67403 -0.16797 0.000
v -0.66851 -0.16309 0.000
v -0.68508 -0.20312 0.000
v -0.68232 -0.23242 0.000
v -0.65470 -0.27051 0.000
v -0.62845 -0.28711 0.000
v -0.64641 -0.22559 0.000
v -0.62983 -0.28711 0.000
v -0.65470 -0.26953 0.000
v -0.68232 -0.23242 0.000
v -0.68370 -0.19629 0.000
v -0.66713 -0.16309 0.000
v -0.62983 -0.18848 0.000
v -0.60912 -0.21875 0.000
v -0.60635 -0.24707 0.000
v -0.62017 -0.28516 0.000
v -0.60635 -0.24707 0.000
v -0.61050 -0.21484 0.000
v -0.63398 -0.18359 0.000
v -0.66575 -0.16309 0.000
v -0.67127 -0.15820 0.000
v -0.69061 -0.19531 0.000
v -0.68923 -0.23242 0.000
v -0.66575 -0.26855 0.000
v -0.62569 -0.29785 0.000
v -0.58425 -0.41113 0.000
v -0.62569 -0.29785 0.000
v -0.66575 -0.26758 0.000
v -0.68923 -0.23242 0.000
v -0.69061 -0.19531 0.000
v -0.68094 -0.16992 0.000
v -0.66989 -0.15820 0.000
v -0.65884 -0.16016 0.000
v -0.63122 -0.17871 0.000
v -0.60221 -0.21777 0.000
v -0.59945 -0.24902 0.000
v -0.61602 -0.30176 0.000
v -0.58702 -0.38477 0.000
v -0.56077 -0.43555 0.000
v -0.50552 -0.50586 0.000
v -0.50829 -0.48633 0.000
v -0.53867 -0.45117 0.000
v -0.54696 -0.42871 0.000
v -0.53867 -0.38672 0.000
v -0.50829 -0.35645 0.000
v -0.47790 -0.38965 0.000
v -0.46961 -0.41211 0.000
v -0.47376 -0.44629 0.000
v -0.49862 -0.48438 0.000
v -0.48757 -0.52051 0.000
v -0.45166 -0.55176 0.000
v -0.38674 -0.58984 0.000
v -0.39503 -0.59082 0.000
v -0.41851 -0.58008 0.000
v -0.49448 -0.52734 0.000
v -0.52210 -0.51465 0.000
v -0.54006 -0.51172 0.000
v -0.59530 -0.51660 0.000
v -0.62155 -0.51270 0.000
v -0.65193 -0.50098 0.000
v -0.67265 -0.48633 0.000
v -0.68785 -0.46875 0.000
v -0.68370 -0.46484 0.000
v -0.64917 -0.45508 0.000
v -0.60773 -0.45508 0.000
v -0.56768 -0.46973 0.000
v -0.53177 -0.50293 0.000
v -0.50967 -0.51270 0.000
v -0.58840 -0.41797 0.000
v -0.60497 -0.40918 0.000
v -0.65608 -0.39941 0.000
v -0.69061 -0.37891 0.000
v -0.71685 -0.33984 0.000
v -0.71961 -0.32715 0.000
v -0.71409 -0.32227 0.000
v -0.67127 -0.32520 0.000
v -0.63812 -0.33789 0.000
v -0.60497 -0.37012 0.000
v -0.59530 -0.40332 0.000
v -0.58564 -0.41309 0.000
v -0.59530 -0.40332 0.000
v -0.60773 -0.36523 0.000
v -0.62293 -0.34766 0.000
v -0.64641 -0.33301 0.000
v -0.67127 -0.32520 0.000
v -0.71409 -0.32227 0.000
v -0.71961 -0.32715 0.000
v -0.70994 -0.35449 0.000
v -0.69061 -0.37988 0.000
v -0.65746 -0.39941 0.000
v -0.60912 -0.40820 0.000
v -0.58840 -0.41895 0.000
v -0.51243 -0.51074 0.000
v -0.53177 -0.50195 0.000
v -0.56630 -0.46973 0.000
v -0.60221 -0.45605 0.000
v -0.65470 -0.45605 0.000
v -0.68508 -0.46484 0.000
v -0.68646 -0.47168 0.000
v -0.65331 -0.50098 0.000
v -0.62155 -0.51270 0.000
v -0.59530 -0.51660 0.000
v -0.54006 -0.51172 0.000
v -0.52348 -0.51465 0.000
v -0.49586 -0.52734 0.000
v -0.43370 -0.57227 0.000
v -0.38812 -0.59180 0.000
v -0.39088 -0.58398 0.000
v -0.45994 -0.54492 0.000
v -0.49309 -0.50977 0.000
v -0.49862 -0.48438 0.000
v -0.47376 -0.44629 0.000
v -0.46961 -0.41211 0.000
v -0.47928 -0.38672 0.000
v -0.50691 -0.35645 0.000
v -0.52072 -0.36328 0.000
v -0.53867 -0.38672 0.000
v -0.54696 -0.42871 0.000
v -0.53453 -0.45801 0.000
v -0.50829 -0.48633 0.000
v -0.50552 -0.50488 0.000
v -0.56630 -0.42676 0.000
v -0.61602 -0.30176 0.000
v -0.59945 -0.24902 0.000
v -0.60221 -0.21777 0.000
v -0.62569 -0.18262 0.000
v -0.66298 -0.15820 0.000
v -0.78177 -0.15234 0.000
v -0.79282 -0.19629 0.000
v -0.78315 -0.26855 0.000
v -0.79558 -0.23145 0.000
v -0.79696 -0.20508 0.000
v -0.78177 -0.15332 0.000
v 0.77210 -0.14551 0.000
v 0.77486 -0.15137 0.000
v 0.77210 -0.14746 0.000
v -0.77624 -0.14160 0.000
v -0.77901 -0.15234 0.000
v -0.77624 -0.14258 0.000
v 0.49171 -0.13770 0.000
v 0.49033 -0.14551 0.000
v 0.49171 -0.13867 0.000
v -0.77210 -0.13379 0.000
v -0.77348 -0.14160 0.000
v -0.77210 -0.13477 0.000
v 0.75829 -0.12598 0.000
v 0.76243 -0.12793 0.000
v 0.75829 -0.12695 0.000
v 0.61326 -0.10547 0.000
v 0.61878 -0.10547 0.000
v 0.61188 -0.10547 0.000
v 0.66160 -0.09570 0.000
v 0.69613 -0.09570 0.000
v 0.72376 -0.10352 0.000
v 0.67956 -0.09668 0.000
v 0.62293 -0.10254 0.000
v 0.65331 -0.09570 0.000
v -0.67403 -0.08398 0.000
v -0.62431 -0.09082 0.000
v -0.67818 -0.08594 0.000
v -0.71409 -0.09180 0.000
v -0.68232 -0.08398 0.000
v -0.61188 -0.08301 0.000
v -0.61740 -0.09570 0.000
v -0.62293 -0.09277 0.000
v -0.61602 -0.09180 0.000
v -0.61188 -0.08398 0.000
v 0.50829 -0.08203 0.000
v 0.50691 -0.09082 0.000
v 0.50829 -0.08398 0.000
v -0.60773 -0.07617 0.000
v -0.60912 -0.08301 0.000
v -0.60773 -0.07715 0.000
v -0.07597 -0.05273 0.000
v -0.08149 -0.12402 0.000
v -0.10912 -0.19043 0.000
v -0.15746 -0.24121 0.000
v -0.24724 -0.30273 0.000
v -0.27486 -0.33691 0.000
v -0.28315 -0.38086 0.000
v -0.24724 -0.44922 0.000
v -0.24171 -0.48730 0.000
v -0.26657 -0.52734 0.000
v -0.30387 -0.55566 0.000
v -0.32044 -0.56152 0.000
v -0.30249 -0.55566 0.000
v -0.26657 -0.52832 0.000
v -0.24171 -0.48730 0.000
v -0.24724 -0.44922 0.000
v -0.28315 -0.38086 0.000
v -0.27486 -0.33691 0.000
v -0.24033 -0.29785 0.000
v -0.15746 -0.24219 0.000
v -0.12017 -0.20605 0.000
v -0.09116 -0.15527 0.000
v -0.07597 -0.08789 0.000
v 0.51934 -0.04883 0.000
v 0.51657 -0.06055 0.000
v 0.51934 -0.05078 0.000
v -0.38674 -0.03516 0.000
v -0.46271 -0.09961 0.000
v -0.48481 -0.14453 0.000
v -0.50414 -0.16211 0.000
v -0.51105 -0.13281 0.000
v -0.49448 -0.09961 0.000
v -0.46409 -0.07422 0.000
v -0.39227 -0.03906 0.000
v -0.38812 -0.03516 0.000
v -0.46547 -0.07422 0.000
v -0.49448 -0.09863 0.000
v -0.51105 -0.13281 0.000
v -0.50552 -0.16211 0.000
v -0.48619 -0.14746 0.000
v -0.47238 -0.11328 0.000
v -0.45718 -0.09473 0.000
v -0.38536 -0.03516 0.000
v 0.52624 -0.03223 0.000
v 0.52486 -0.03711 0.000
v 0.52348 -0.03418 0.000
v 0.03315 -0.02539 0.000
v 0.04282 -0.02734 0.000
v 0.03315 -0.03125 0.000
v 0.03315 -0.02441 0.000
v 0.03591 -0.03223 0.000
v 0.04282 -0.02637 0.000
v 0.03453 -0.02441 0.000
v 0.54696 -0.00977 0.000
v 0.54558 -0.01465 0.000
v 0.54420 -0.01172 0.000
v 0.06077 -0.00977 0.000
v 0.07320 -0.01270 0.000
v 0.06906 -0.03027 0.000
v 0.08149 -0.03418 0.000
v 0.09530 -0.04883 0.000
v 0.08978 -0.06641 0.000
v 0.06768 -0.07715 0.000
v 0.04834 -0.07520 0.000
v 0.03039 -0.05957 0.000
v 0.03177 -0.04395 0.000
v 0.05801 -0.02832 0.000
v 0.05387 -0.01562 0.000
v 0.05939 -0.00977 0.000
v 0.06215 -0.00879 0.000
v 0.05387 -0.01562 0.000
v 0.05801 -0.02832 0.000
v 0.03867 -0.03613 0.000
v 0.03039 -0.04688 0.000
v 0.03315 -0.06543 0.000
v 0.05801 -0.07715 0.000
v 0.08149 -0.07324 0.000
v 0.09530 -0.05762 0.000
v 0.08978 -0.03906 0.000
v 0.06906 -0.02930 0.000
v 0.07320 -0.01270 0.000
v 0.06630 -0.00879 0.000
v 0.54972 -0.00293 0.000
v 0.54972 -0.00781 0.000
v 0.54972 -0.00391 0.000
v -0.01105 0.00488 0.000
v -0.01796 -0.05078 0.000
v -0.00552 -0.14551 0.000
v -0.02072 -0.19238 0.000
v -0.05939 -0.24219 0.000
v -0.16989 -0.32031 0.000
v -0.20166 -0.35352 0.000
v -0.21961 -0.39453 0.000
v -0.22514 -0.45898 0.000
v -0.23757 -0.50488 0.000
v -0.25552 -0.53613 0.000
v -0.28867 -0.55957 0.000
v -0.25552 -0.53711 0.000
v -0.23757 -0.50488 0.000
v -0.22514 -0.45898 0.000
v -0.21961 -0.39453 0.000
v -0.20166 -0.35449 0.000
v -0.16989 -0.32129 0.000
v -0.05939 -0.24316 0.000
v -0.02072 -0.19238 0.000
v -0.00552 -0.14551 0.000
v -0.01796 -0.05078 0.000
v -0.01657 -0.01074 0.000
v -0.00967 0.00488 0.000
v 0.02486 -0.02148 0.000
v 0.02210 -0.05859 0.000
v 0.03729 -0.07812 0.000
v 0.04558 -0.10547 0.000
v 0.05249 -0.16211 0.000
v 0.04006 -0.20312 0.000
v 0.01934 -0.23340 0.000
v -0.00691 -0.25781 0.000
v -0.11188 -0.31738 0.000
v -0.16160 -0.35938 0.000
v -0.19613 -0.41895 0.000
v -0.21547 -0.51172 0.000
v -0.23204 -0.53613 0.000
v -0.27486 -0.55957 0.000
v -0.31906 -0.56348 0.000
v -0.27348 -0.55957 0.000
v -0.23204 -0.53711 0.000
v -0.21547 -0.51172 0.000
v -0.19613 -0.41895 0.000
v -0.16160 -0.36035 0.000
v -0.11050 -0.31738 0.000
v -0.00829 -0.25977 0.000
v 0.03453 -0.21387 0.000
v 0.05110 -0.17188 0.000
v 0.05110 -0.13086 0.000
v 0.03867 -0.08105 0.000
v 0.02210 -0.05859 0.000
v 0.02486 -0.02051 0.000
v -0.00829 0.00488 0.000
v -0.02486 0.06152 0.000
v -0.05249 0.02539 0.000
v -0.06768 -0.01660 0.000
v -0.05249 0.02539 0.000
v -0.02486 0.06152 0.000
v -0.02486 0.03418 0.000
v -0.01519 0.01270 0.000
v -0.02486 -0.02734 0.000
v -0.01243 -0.11328 0.000
v -0.01934 -0.17773 0.000
v -0.03867 -0.21094 0.000
v -0.06215 -0.23633 0.000
v -0.16989 -0.31348 0.000
v -0.19751 -0.33984 0.000
v -0.22099 -0.37891 0.000
v -0.22514 -0.41602 0.000
v -0.22099 -0.37891 0.000
v -0.19751 -0.34082 0.000
v -0.16989 -0.31445 0.000
v -0.06215 -0.23730 0.000
v -0.03867 -0.21191 0.000
v -0.01934 -0.17773 0.000
v -0.01243 -0.11328 0.000
v -0.02486 -0.03906 0.000
v -0.01519 0.01172 0.000
v -0.02486 0.03418 0.000
v -0.02348 0.06055 0.000
v 0.54972 0.06250 0.000
v 0.55387 0.05859 0.000
v 0.54972 0.06055 0.000
v 0.02762 0.07031 0.000
v 0.01105 0.06152 0.000
v 0.00691 0.04102 0.000
v 0.01381 0.06348 0.000
v 0.02762 0.07031 0.000
v 0.04558 0.06836 0.000
v 0.06630 0.05176 0.000
v 0.06906 0.04199 0.000
v 0.05939 0.03027 0.000
v 0.07459 0.01367 0.000
v 0.06630 0.01465 0.000
v 0.05249 0.02734 0.000
v 0.06215 0.04492 0.000
v 0.04282 0.06348 0.000
v 0.02348 0.06445 0.000
v 0.01381 0.05664 0.000
v 0.00967 0.04102 0.000
v 0.01519 0.05762 0.000
v 0.02486 0.06445 0.000
v 0.04006 0.06445 0.000
v 0.06215 0.04492 0.000
v 0.05249 0.03320 0.000
v 0.05387 0.02441 0.000
v 0.07459 0.01270 0.000
v 0.05939 0.03027 0.000
v 0.06906 0.04102 0.000
v 0.06630 0.05176 0.000
v 0.05110 0.06641 0.000
v 0.03867 0.07031 0.000
v 0.54006 0.07617 0.000
v 0.54420 0.07422 0.000
v 0.54006 0.07520 0.000
v 0.53453 0.08203 0.000
v 0.53867 0.08008 0.000
v 0.53453 0.08105 0.000
v 0.33425 0.09375 0.000
v 0.34116 0.07324 0.000
v 0.35497 0.06738 0.000
v 0.34530 0.06152 0.000
v 0.33011 0.06055 0.000
v 0.32735 0.05469 0.000
v 0.29144 0.05859 0.000
v 0.26657 0.07031 0.000
v 0.33011 0.07031 0.000
v 0.33425 0.09082 0.000
v 0.33425 0.09473 0.000
v 0.33011 0.07031 0.000
v 0.30663 0.06738 0.000
v 0.26796 0.07324 0.000
v 0.26796 0.06836 0.000
v 0.31354 0.05469 0.000
v 0.34945 0.06250 0.000
v 0.35497 0.06836 0.000
v 0.33978 0.07617 0.000
v 0.33702 0.09473 0.000
v 0.16989 0.10254 0.000
v 0.17403 0.10156 0.000
v 0.16436 0.08496 0.000
v 0.12845 0.06250 0.000
v 0.10773 0.06152 0.000
v 0.08978 0.07129 0.000
v 0.12983 0.07324 0.000
v 0.15193 0.08105 0.000
v 0.15470 0.08691 0.000
v 0.11602 0.07422 0.000
v 0.09392 0.07520 0.000
v 0.08011 0.08105 0.000
v 0.16851 0.10254 0.000
v 0.16989 0.10352 0.000
v 0.08011 0.08008 0.000
v 0.11602 0.07422 0.000
v 0.15331 0.08691 0.000
v 0.14365 0.07715 0.000
v 0.12569 0.07227 0.000
v 0.08978 0.07227 0.000
v 0.10221 0.06250 0.000
v 0.13260 0.06348 0.000
v 0.16436 0.08398 0.000
v 0.17403 0.10352 0.000
v 0.32597 0.14844 0.000
v 0.34945 0.14551 0.000
v 0.35359 0.13672 0.000
v 0.34669 0.13281 0.000
v 0.29282 0.13086 0.000
v 0.25000 0.11816 0.000
v 0.27348 0.13574 0.000
v 0.31768 0.14844 0.000
v 0.32735 0.14941 0.000
v 0.27901 0.13867 0.000
v 0.25276 0.12402 0.000
v 0.25000 0.11719 0.000
v 0.29834 0.13184 0.000
v 0.35083 0.13379 0.000
v 0.35083 0.14551 0.000
v 0.33425 0.14941 0.000
v 0.51796 0.16309 0.000
v 0.51796 0.15820 0.000
v 0.51796 0.16211 0.000
v -0.40055 0.18457 0.000
v -0.43785 0.04395 0.000
v -0.41989 0.13281 0.000
v -0.40055 0.18359 0.000
v -0.38122 0.21875 0.000
v -0.39779 0.18457 0.000
v -0.38122 0.21777 0.000
v -0.37155 0.23145 0.000
v -0.37431 0.22461 0.000
v -0.37431 0.22949 0.000
v 0.16436 0.23145 0.000
v 0.09669 0.19043 0.000
v -0.01934 0.13281 0.000
v -0.07735 0.08887 0.000
v -0.10773 0.05078 0.000
v -0.12293 0.02148 0.000
v -0.15331 -0.09277 0.000
v -0.17541 -0.13867 0.000
v -0.21271 -0.18359 0.000
v -0.30801 -0.25293 0.000
v -0.33564 -0.28320 0.000
v -0.35359 -0.32031 0.000
v -0.35635 -0.36035 0.000
v -0.33011 -0.43555 0.000
v -0.32873 -0.45996 0.000
v -0.35083 -0.48340 0.000
v -0.37845 -0.49023 0.000
v -0.34945 -0.48340 0.000
v -0.32873 -0.45996 0.000
v -0.33011 -0.43555 0.000
v -0.35635 -0.36035 0.000
v -0.35635 -0.33301 0.000
v -0.34392 -0.29688 0.000
v -0.31354 -0.25879 0.000
v -0.21961 -0.19043 0.000
v -0.17956 -0.14551 0.000
v -0.15331 -0.09277 0.000
v -0.12293 0.02148 0.000
v -0.09530 0.06738 0.000
v -0.04006 0.11914 0.000
v 0.11602 0.20020 0.000
v 0.16575 0.23145 0.000
v 0.10497 0.19043 0.000
v -0.01243 0.13184 0.000
v -0.07320 0.08594 0.000
v -0.11878 0.01660 0.000
v -0.14779 -0.09375 0.000
v -0.16851 -0.13770 0.000
v -0.20304 -0.18066 0.000
v -0.29696 -0.24902 0.000
v -0.33425 -0.29004 0.000
v -0.34945 -0.32910 0.000
v -0.35083 -0.36230 0.000
v -0.31906 -0.45020 0.000
v -0.31768 -0.48145 0.000
v -0.33702 -0.52051 0.000
v -0.37293 -0.53711 0.000
v -0.35359 -0.54688 0.000
v -0.32597 -0.54785 0.000
v -0.29282 -0.53906 0.000
v -0.25829 -0.51074 0.000
v -0.25000 -0.49023 0.000
v -0.25000 -0.46387 0.000
v -0.28867 -0.38965 0.000
v -0.28867 -0.34961 0.000
v -0.25829 -0.30566 0.000
v -0.15608 -0.23340 0.000
v -0.11188 -0.18555 0.000
v -0.08840 -0.13086 0.000
v -0.07459 -0.04492 0.000
v -0.08840 -0.13086 0.000
v -0.10912 -0.18066 0.000
v -0.15608 -0.23242 0.000
v -0.25829 -0.30469 0.000
v -0.28867 -0.34961 0.000
v -0.28867 -0.38965 0.000
v -0.25000 -0.46387 0.000
v -0.24862 -0.48242 0.000
v -0.25691 -0.50781 0.000
v -0.29006 -0.53711 0.000
v -0.33978 -0.54883 0.000
v -0.37293 -0.53809 0.000
v -0.33702 -0.52148 0.000
v -0.31768 -0.48145 0.000
v -0.31906 -0.45020 0.000
v -0.35083 -0.36230 0.000
v -0.34945 -0.32910 0.000
v -0.33564 -0.29297 0.000
v -0.29696 -0.25000 0.000
v -0.20304 -0.18164 0.000
v -0.17127 -0.14258 0.000
v -0.14779 -0.09375 0.000
v -0.11878 0.01660 0.000
v -0.07320 0.08496 0.000
v -0.01105 0.13184 0.000
v 0.10635 0.19043 0.000
v 0.16575 0.23145 0.000
v 0.32873 0.24023 0.000
v 0.34392 0.22754 0.000
v 0.37707 0.17285 0.000
v 0.37845 0.10156 0.000
v 0.38398 0.08398 0.000
v 0.40055 0.06250 0.000
v 0.44475 0.03516 0.000
v 0.44890 0.02637 0.000
v 0.40746 0.00000 0.000
v 0.40746 -0.03516 0.000
v 0.38950 -0.04004 0.000
v 0.35083 -0.04004 0.000
v 0.36464 -0.04688 0.000
v 0.39641 -0.04590 0.000
v 0.40331 -0.05762 0.000
v 0.38812 -0.07227 0.000
v 0.38674 -0.11035 0.000
v 0.37293 -0.12500 0.000
v 0.35359 -0.12988 0.000
v 0.29972 -0.12793 0.000
v 0.18094 -0.10742 0.000
v 0.20304 -0.12012 0.000
v 0.18508 -0.13281 0.000
v 0.17127 -0.15430 0.000
v 0.13950 -0.23926 0.000
v 0.14503 -0.29004 0.000
v 0.15331 -0.29199 0.000
v 0.18232 -0.32715 0.000
v 0.18232 -0.33301 0.000
v 0.16851 -0.33691 0.000
v 0.12569 -0.32324 0.000
v -0.00276 -0.26562 0.000
v 0.03453 -0.22949 0.000
v 0.05663 -0.18652 0.000
v 0.06077 -0.13965 0.000
v 0.04834 -0.08203 0.000
v 0.08702 -0.07715 0.000
v 0.10083 -0.06543 0.000
v 0.10359 -0.04688 0.000
v 0.08287 -0.02734 0.000
v 0.09116 -0.01855 0.000
v 0.08149 -0.01953 0.000
v 0.07459 -0.00586 0.000
v 0.05663 -0.00391 0.000
v 0.04420 -0.02051 0.000
v 0.01243 -0.00391 0.000
v -0.01243 0.02539 0.000
v -0.01657 0.05371 0.000
v -0.00276 0.07715 0.000
v 0.02486 0.08984 0.000
v 0.05525 0.08691 0.000
v 0.08978 0.05957 0.000
v 0.12569 0.05664 0.000
v 0.15055 0.06543 0.000
v 0.16851 0.08008 0.000
v 0.18232 0.10547 0.000
v 0.24309 0.13770 0.000
v 0.28315 0.16895 0.000
v 0.31492 0.20801 0.000
v 0.32873 0.23730 0.000
v 0.32873 0.24121 0.000
v 0.31630 0.21094 0.000
v 0.28315 0.16992 0.000
v 0.24171 0.13770 0.000
v 0.18232 0.10645 0.000
v 0.17403 0.08789 0.000
v 0.14917 0.06543 0.000
v 0.12569 0.05664 0.000
v 0.09116 0.05957 0.000
v 0.05663 0.08691 0.000
v 0.02486 0.08984 0.000
v -0.00276 0.07812 0.000
v -0.01657 0.05371 0.000
v -0.01243 0.02539 0.000
v 0.01243 -0.00488 0.000
v 0.04696 -0.02051 0.000
v 0.04972 -0.00977 0.000
v 0.05801 -0.00391 0.000
v 0.06906 -0.00391 0.000
v 0.08011 -0.01172 0.000
v 0.08149 -0.02051 0.000
v 0.09116 -0.01953 0.000
v 0.08287 -0.02832 0.000
v 0.10359 -0.04688 0.000
v 0.10083 -0.06445 0.000
v 0.08564 -0.07715 0.000
v 0.07182 -0.08203 0.000
v 0.04834 -0.08105 0.000
v 0.06077 -0.13965 0.000
v 0.05663 -0.18652 0.000
v 0.03453 -0.22852 0.000
v -0.00276 -0.26660 0.000
v 0.12431 -0.32324 0.000
v 0.16851 -0.33691 0.000
v 0.17956 -0.33594 0.000
v 0.18232 -0.32715 0.000
v 0.15331 -0.29102 0.000
v 0.14503 -0.28906 0.000
v 0.13950 -0.23926 0.000
v 0.17127 -0.15430 0.000
v 0.18785 -0.13086 0.000
v 0.20442 -0.12012 0.000
v 0.18094 -0.10840 0.000
v 0.31077 -0.12891 0.000
v 0.35359 -0.12988 0.000
v 0.37431 -0.12500 0.000
v 0.38674 -0.11035 0.000
v 0.38812 -0.07227 0.000
v 0.40331 -0.05762 0.000
v 0.39779 -0.04590 0.000
v 0.36464 -0.04688 0.000
v 0.35083 -0.04102 0.000
v 0.40884 -0.03516 0.000
v 0.40608 -0.00293 0.000
v 0.44890 0.02637 0.000
v 0.44475 0.03613 0.000
v 0.40055 0.06348 0.000
v 0.38398 0.08398 0.000
v 0.37845 0.10156 0.000
v 0.37707 0.17285 0.000
v 0.36050 0.20508 0.000
v 0.33149 0.24121 0.000
v 0.28591 0.25293 0.000
v 0.28591 0.24805 0.000
v 0.28591 0.25195 0.000
v 0.52210 0.25586 0.000
v 0.52486 0.24902 0.000
v 0.52210 0.25293 0.000
v 0.51796 0.26465 0.000
v 0.52072 0.25879 0.000
v 0.51796 0.26270 0.000
v 0.51519 0.26953 0.000
v 0.51934 0.26562 0.000
v 0.51519 0.26758 0.000
v 0.50967 0.27832 0.000
v 0.51381 0.27539 0.000
v 0.50967 0.27637 0.000
v 0.17680 0.28809 0.000
v 0.09254 0.27637 0.000
v 0.00691 0.25195 0.000
v -0.04558 0.22754 0.000
v -0.10773 0.18359 0.000
v -0.14641 0.14160 0.000
v -0.16436 0.11133 0.000
v -0.21271 -0.02832 0.000
v -0.24171 -0.07812 0.000
v -0.27762 -0.11328 0.000
v -0.39779 -0.18555 0.000
v -0.44061 -0.22461 0.000
v -0.46133 -0.26367 0.000
v -0.46685 -0.31348 0.000
v -0.45028 -0.36133 0.000
v -0.41851 -0.40625 0.000
v -0.40746 -0.43262 0.000
v -0.41022 -0.45410 0.000
v -0.42956 -0.46875 0.000
v -0.42265 -0.47363 0.000
v -0.40608 -0.47461 0.000
v -0.38122 -0.46777 0.000
v -0.35773 -0.44434 0.000
v -0.35497 -0.44824 0.000
v -0.35773 -0.46680 0.000
v -0.37707 -0.48828 0.000
v -0.35773 -0.46680 0.000
v -0.35635 -0.44336 0.000
v -0.36878 -0.45898 0.000
v -0.38950 -0.47070 0.000
v -0.41575 -0.47461 0.000
v -0.42956 -0.46973 0.000
v -0.41298 -0.45898 0.000
v -0.40746 -0.43262 0.000
v -0.46133 -0.33496 0.000
v -0.46685 -0.28711 0.000
v -0.45856 -0.25684 0.000
v -0.44061 -0.22559 0.000
v -0.41575 -0.20020 0.000
v -0.37155 -0.16895 0.000
v -0.29558 -0.12695 0.000
v -0.24171 -0.07910 0.000
v -0.20994 -0.02148 0.000
v -0.17265 0.09375 0.000
v -0.13950 0.14941 0.000
v -0.08564 0.20020 0.000
v -0.04420 0.22754 0.000
v -0.00138 0.24805 0.000
v 0.09254 0.27637 0.000
v 0.18923 0.28809 0.000
v 0.17127 0.29004 0.000
v 0.08840 0.27930 0.000
v -0.00691 0.25098 0.000
v -0.07320 0.21582 0.000
v -0.12569 0.17285 0.000
v -0.17403 0.10352 0.000
v -0.21961 -0.03125 0.000
v -0.24724 -0.07617 0.000
v -0.29834 -0.12207 0.000
v -0.41575 -0.19238 0.000
v -0.45028 -0.22949 0.000
v -0.46685 -0.26172 0.000
v -0.47376 -0.29492 0.000
v -0.46271 -0.34766 0.000
v -0.47376 -0.29492 0.000
v -0.46685 -0.26172 0.000
v -0.45166 -0.23242 0.000
v -0.41575 -0.19336 0.000
v -0.29696 -0.12207 0.000
v -0.24724 -0.07715 0.000
v -0.21961 -0.03125 0.000
v -0.17403 0.10352 0.000
v -0.15193 0.14062 0.000
v -0.11878 0.17871 0.000
v -0.07182 0.21582 0.000
v 0.00691 0.25586 0.000
v 0.10359 0.28223 0.000
v 0.18923 0.29004 0.000
v 0.01519 0.30859 0.000
v -0.04696 0.29395 0.000
v -0.09669 0.27637 0.000
v -0.14227 0.25195 0.000
v -0.18646 0.21680 0.000
v -0.22652 0.16797 0.000
v -0.24724 0.12793 0.000
v -0.27486 0.01562 0.000
v -0.29972 -0.02930 0.000
v -0.35083 -0.07324 0.000
v -0.46271 -0.13770 0.000
v -0.50552 -0.17676 0.000
v -0.53039 -0.22363 0.000
v -0.53315 -0.26270 0.000
v -0.51657 -0.30273 0.000
v -0.46547 -0.34766 0.000
v -0.51105 -0.30859 0.000
v -0.53177 -0.26855 0.000
v -0.53039 -0.22363 0.000
v -0.50552 -0.17773 0.000
v -0.46271 -0.13867 0.000
v -0.34945 -0.07324 0.000
v -0.29972 -0.03027 0.000
v -0.27486 0.01562 0.000
v -0.24724 0.12793 0.000
v -0.22928 0.16309 0.000
v -0.18646 0.21582 0.000
v -0.14088 0.25195 0.000
v -0.09530 0.27637 0.000
v -0.02624 0.29980 0.000
v 0.01934 0.30859 0.000
v -0.47790 0.31348 0.000
v -0.45994 0.31348 0.000
v -0.47652 0.31250 0.000
v -0.44199 0.31445 0.000
v -0.42818 0.31445 0.000
v -0.44061 0.31348 0.000
v -0.49724 0.31445 0.000
v -0.48619 0.31445 0.000
v -0.49586 0.31348 0.000
v -0.42265 0.31543 0.000
v -0.41298 0.31543 0.000
v -0.42127 0.31445 0.000
v -0.50829 0.31543 0.000
v -0.50000 0.31543 0.000
v -0.50691 0.31445 0.000
v -0.41298 0.31641 0.000
v -0.40331 0.31641 0.000
v -0.41160 0.31543 0.000
v -0.51519 0.31641 0.000
v -0.50691 0.31641 0.000
v -0.51381 0.31543 0.000
v 0.47376 0.31836 0.000
v 0.47652 0.31445 0.000
v 0.47099 0.31641 0.000
v -0.40470 0.31738 0.000
v -0.39779 0.31738 0.000
v -0.40331 0.31641 0.000
v -0.51934 0.31738 0.000
v -0.51381 0.31738 0.000
v -0.51796 0.31641 0.000
v 0.47790 0.31836 0.000
v 0.48343 0.31836 0.000
v 0.47928 0.31738 0.000
v -0.39641 0.31836 0.000
v -0.39088 0.31836 0.000
v -0.39503 0.31738 0.000
v -0.52624 0.31836 0.000
v -0.51934 0.31836 0.000
v -0.52486 0.31738 0.000
v 0.48204 0.31934 0.000
v 0.48757 0.31934 0.000
v 0.48343 0.31836 0.000
v -0.39088 0.31934 0.000
v -0.38398 0.31934 0.000
v -0.38950 0.31836 0.000
v -0.53039 0.31934 0.000
v -0.52486 0.31934 0.000
v -0.52901 0.31836 0.000
v 0.48619 0.32031 0.000
v 0.49171 0.32031 0.000
v 0.48757 0.31934 0.000
v -0.29282 0.32031 0.000
v -0.28453 0.32031 0.000
v -0.29144 0.31934 0.000
v -0.38536 0.32031 0.000
v -0.37845 0.32031 0.000
v -0.38398 0.31934 0.000
v -0.53453 0.32031 0.000
v -0.52901 0.32031 0.000
v -0.53315 0.31934 0.000
v -0.29696 0.32129 0.000
v -0.29144 0.32129 0.000
v -0.29558 0.32031 0.000
v -0.37983 0.32129 0.000
v -0.37431 0.32129 0.000
v -0.37845 0.32031 0.000
v -0.53867 0.32129 0.000
v -0.53315 0.32129 0.000
v -0.53729 0.32031 0.000
v -0.30387 0.32227 0.000
v -0.29696 0.32227 0.000
v -0.30249 0.32129 0.000
v -0.37569 0.32227 0.000
v -0.36878 0.32227 0.000
v -0.37431 0.32129 0.000
v -0.54282 0.32227 0.000
v -0.53729 0.32227 0.000
v -0.54144 0.32129 0.000
v 0.49724 0.32324 0.000
v 0.50276 0.32324 0.000
v 0.49862 0.32227 0.000
v -0.30939 0.32324 0.000
v -0.30249 0.32324 0.000
v -0.30801 0.32227 0.000
v -0.37017 0.32324 0.000
v -0.36464 0.32324 0.000
v -0.36878 0.32227 0.000
v -0.31354 0.32422 0.000
v -0.30801 0.32422 0.000
v -0.31215 0.32324 0.000
v 0.50414 0.32617 0.000
v 0.50829 0.32520 0.000
v 0.50138 0.32422 0.000
v -0.31768 0.32520 0.000
v -0.31215 0.32520 0.000
v -0.31630 0.32422 0.000
v -0.36326 0.32520 0.000
v -0.35773 0.32520 0.000
v -0.36464 0.32520 0.000
v -0.55249 0.32520 0.000
v -0.54144 0.32324 0.000
v -0.55110 0.32422 0.000
v -0.32320 0.32617 0.000
v -0.31768 0.32617 0.000
v -0.32182 0.32520 0.000
v -0.35912 0.32617 0.000
v -0.35359 0.32617 0.000
v -0.35773 0.32520 0.000
v -0.35497 0.32715 0.000
v -0.34945 0.32715 0.000
v -0.35359 0.32617 0.000
v -0.33702 0.32910 0.000
v -0.32182 0.32715 0.000
v -0.33564 0.32812 0.000
v -0.34807 0.32910 0.000
v -0.34254 0.32910 0.000
v -0.34945 0.32910 0.000
v -0.34392 0.33008 0.000
v -0.33564 0.33008 0.000
v -0.34254 0.32910 0.000
v 0.06354 0.34375 0.000
v -0.03315 0.33398 0.000
v -0.11464 0.31055 0.000
v -0.19475 0.26855 0.000
v -0.24033 0.23145 0.000
v -0.27486 0.19043 0.000
v -0.29558 0.15137 0.000
v -0.33564 0.00977 0.000
v -0.37983 -0.03711 0.000
v -0.44613 -0.09082 0.000
v -0.47376 -0.13574 0.000
v -0.35773 -0.07227 0.000
v -0.30525 -0.02832 0.000
v -0.28039 0.01758 0.000
v -0.25276 0.12988 0.000
v -0.23481 0.16504 0.000
v -0.19061 0.21875 0.000
v -0.14917 0.25195 0.000
v -0.10083 0.27832 0.000
v -0.04558 0.29883 0.000
v 0.01934 0.31055 0.000
v -0.03453 0.30176 0.000
v -0.10221 0.27832 0.000
v -0.15055 0.25195 0.000
v -0.19061 0.21973 0.000
v -0.22928 0.17383 0.000
v -0.25276 0.12988 0.000
v -0.28039 0.01758 0.000
v -0.30525 -0.02734 0.000
v -0.35912 -0.07227 0.000
v -0.47238 -0.13574 0.000
v -0.46685 -0.11816 0.000
v -0.44613 -0.09180 0.000
v -0.37983 -0.03809 0.000
v -0.33702 0.00684 0.000
v -0.29558 0.15137 0.000
v -0.25691 0.21289 0.000
v -0.21133 0.25586 0.000
v -0.12983 0.30371 0.000
v -0.08011 0.32227 0.000
v -0.01105 0.33789 0.000
v 0.06354 0.34375 0.000
v 0.11878 0.34180 0.000
v 0.20028 0.33008 0.000
v 0.26657 0.31055 0.000
v 0.31354 0.28809 0.000
v 0.34807 0.28320 0.000
v 0.37569 0.27246 0.000
v 0.40608 0.24902 0.000
v 0.41989 0.21973 0.000
v 0.41022 0.18164 0.000
v 0.38950 0.16211 0.000
v 0.37017 0.20703 0.000
v 0.33287 0.25000 0.000
v 0.32597 0.26855 0.000
v 0.32044 0.23730 0.000
v 0.29696 0.19727 0.000
v 0.25691 0.15723 0.000
v 0.22238 0.13477 0.000
v 0.17680 0.11230 0.000
v 0.10497 0.09082 0.000
v 0.06906 0.08789 0.000
v 0.03453 0.09766 0.000
v 0.11188 0.12109 0.000
v 0.20442 0.16602 0.000
v 0.26105 0.21289 0.000
v 0.28315 0.24121 0.000
v 0.29006 0.26172 0.000
v 0.27624 0.23730 0.000
v 0.25000 0.20898 0.000
v 0.18094 0.15820 0.000
v 0.11326 0.12695 0.000
v 0.00552 0.09180 0.000
v -0.01519 0.07910 0.000
v -0.05249 0.03516 0.000
v -0.07044 -0.01660 0.000
v -0.05387 0.03223 0.000
v -0.01519 0.07812 0.000
v 0.00691 0.09180 0.000
v 0.11464 0.12695 0.000
v 0.18232 0.15820 0.000
v 0.24033 0.19922 0.000
v 0.28453 0.24902 0.000
v 0.25552 0.20801 0.000
v 0.20304 0.16602 0.000
v 0.12017 0.12500 0.000
v 0.03453 0.09668 0.000
v 0.08702 0.08789 0.000
v 0.13398 0.09766 0.000
v 0.19613 0.12012 0.000
v 0.25691 0.15625 0.000
v 0.30663 0.20996 0.000
v 0.32735 0.26855 0.000
v 0.33287 0.24902 0.000
v 0.37155 0.20410 0.000
v 0.38812 0.16211 0.000
v 0.39917 0.16699 0.000
v 0.41575 0.19336 0.000
v 0.41989 0.21973 0.000
v 0.40608 0.25000 0.000
v 0.37707 0.27246 0.000
v 0.35221 0.28223 0.000
v 0.31354 0.28809 0.000
v 0.26796 0.31055 0.000
v 0.20028 0.33008 0.000
v 0.13812 0.33984 0.000
v 0.07182 0.34375 0.000
v 0.04696 0.35059 0.000
v -0.04420 0.33887 0.000
v -0.12845 0.31250 0.000
v -0.19751 0.27637 0.000
v -0.25829 0.22461 0.000
v -0.28867 0.18555 0.000
v -0.30801 0.14746 0.000
v -0.33287 0.04004 0.000
v -0.34807 0.00879 0.000
v -0.38812 -0.02734 0.000
v -0.49033 -0.08203 0.000
v -0.51519 -0.11133 0.000
v -0.52072 -0.14258 0.000
v -0.51243 -0.17090 0.000
v -0.54006 -0.22266 0.000
v -0.53867 -0.27930 0.000
v -0.50967 -0.32227 0.000
v -0.45718 -0.36230 0.000
v -0.41989 -0.41895 0.000
v -0.41575 -0.45020 0.000
v -0.44199 -0.47168 0.000
v -0.42127 -0.47852 0.000
v -0.38398 -0.47363 0.000
v -0.36602 -0.46191 0.000
v -0.38536 -0.47363 0.000
v -0.40884 -0.47852 0.000
v -0.42818 -0.47754 0.000
v -0.44199 -0.47070 0.000
v -0.42403 -0.46191 0.000
v -0.41575 -0.45020 0.000
v -0.41989 -0.41895 0.000
v -0.45718 -0.36133 0.000
v -0.50967 -0.32129 0.000
v -0.53867 -0.27930 0.000
v -0.54006 -0.22266 0.000
v -0.51243 -0.17090 0.000
v -0.52072 -0.14258 0.000
v -0.51934 -0.12305 0.000
v -0.51105 -0.10449 0.000
v -0.49033 -0.08301 0.000
v -0.38674 -0.02734 0.000
v -0.35497 -0.00098 0.000
v -0.33287 0.04004 0.000
v -0.31354 0.13184 0.000
v -0.29420 0.17578 0.000
v -0.25276 0.22949 0.000
v -0.19613 0.27637 0.000
v -0.15746 0.29883 0.000
v -0.09116 0.32617 0.000
v -0.03039 0.34180 0.000
v 0.04696 0.35059 0.000
v 0.11188 0.34961 0.000
v 0.19613 0.33789 0.000
v 0.26519 0.31836 0.000
v 0.31354 0.29492 0.000
v 0.35635 0.28809 0.000
v 0.40331 0.26270 0.000
v 0.42541 0.23438 0.000
v 0.42818 0.20117 0.000
v 0.41575 0.17578 0.000
v 0.39088 0.15234 0.000
v 0.38812 0.09961 0.000
v 0.40055 0.07520 0.000
v 0.41989 0.05762 0.000
v 0.45580 0.03711 0.000
v 0.45718 0.02539 0.000
v 0.45028 0.01562 0.000
v 0.41575 -0.00391 0.000
v 0.42265 -0.03027 0.000
v 0.40746 -0.04297 0.000
v 0.41160 -0.06250 0.000
v 0.39641 -0.07617 0.000
v 0.39641 -0.11328 0.000
v 0.39088 -0.12207 0.000
v 0.36740 -0.13477 0.000
v 0.33978 -0.13770 0.000
v 0.28315 -0.13379 0.000
v 0.22099 -0.12305 0.000
v 0.20718 -0.12500 0.000
v 0.18646 -0.14551 0.000
v 0.16851 -0.18066 0.000
v 0.14779 -0.25195 0.000
v 0.15470 -0.28223 0.000
v 0.23343 -0.36816 0.000
v 0.27762 -0.43457 0.000
v 0.31215 -0.51172 0.000
v 0.32459 -0.58398 0.000
v 0.32044 -0.58984 0.000
v 0.30525 -0.52148 0.000
v 0.27624 -0.45020 0.000
v 0.24586 -0.39844 0.000
v 0.19475 -0.33398 0.000
v 0.18094 -0.34277 0.000
v 0.14503 -0.33789 0.000
v -0.01105 -0.26953 0.000
v -0.13398 -0.34180 0.000
v -0.16851 -0.38184 0.000
v -0.19613 -0.45312 0.000
v -0.22238 -0.61035 0.000
v -0.22652 -0.57422 0.000
v -0.22099 -0.53613 0.000
v -0.26105 -0.56055 0.000
v -0.30249 -0.56934 0.000
v -0.32459 -0.56836 0.000
v -0.33564 -0.56250 0.000
v -0.29972 -0.54785 0.000
v -0.34530 -0.55371 0.000
v -0.38260 -0.54004 0.000
v -0.38260 -0.53223 0.000
v -0.36464 -0.53125 0.000
v -0.34254 -0.51855 0.000
v -0.32873 -0.49707 0.000
v -0.32459 -0.47266 0.000
v -0.32873 -0.49707 0.000
v -0.34254 -0.51758 0.000
v -0.35773 -0.52832 0.000
v -0.38536 -0.53320 0.000
v -0.37707 -0.54492 0.000
v -0.35359 -0.55273 0.000
v -0.30387 -0.54883 0.000
v -0.33564 -0.56250 0.000
v -0.31768 -0.56934 0.000
v -0.26796 -0.56348 0.000
v -0.24171 -0.55176 0.000
v -0.22238 -0.53613 0.000
v -0.22652 -0.60938 0.000
v -0.01381 -0.61719 0.000
v 0.13812 -0.61523 0.000
v 0.24724 -0.60645 0.000
v 0.28867 -0.59863 0.000
v 0.31768 -0.58691 0.000
v 0.32320 -0.58984 0.000
v 0.31906 -0.53516 0.000
v 0.28591 -0.45020 0.000
v 0.23343 -0.36719 0.000
v 0.14917 -0.27344 0.000
v 0.14779 -0.25195 0.000
v 0.15746 -0.20898 0.000
v 0.17818 -0.16016 0.000
v 0.20856 -0.12500 0.000
v 0.22099 -0.12305 0.000
v 0.28315 -0.13379 0.000
v 0.33978 -0.13770 0.000
v 0.37983 -0.13086 0.000
v 0.39503 -0.11719 0.000
v 0.39641 -0.07617 0.000
v 0.41160 -0.06250 0.000
v 0.40746 -0.04395 0.000
v 0.42265 -0.03027 0.000
v 0.41436 -0.00781 0.000
v 0.45028 0.01465 0.000
v 0.45718 0.02539 0.000
v 0.45580 0.03809 0.000
v 0.41160 0.06543 0.000
v 0.39365 0.08398 0.000
v 0.38812 0.09961 0.000
v 0.39088 0.15234 0.000
v 0.41989 0.18066 0.000
v 0.42818 0.20117 0.000
v 0.42818 0.22559 0.000
v 0.40746 0.25977 0.000
v 0.36602 0.28516 0.000
v 0.31768 0.29395 0.000
v 0.27901 0.31348 0.000
v 0.22099 0.33203 0.000
v 0.15055 0.34570 0.000
v 0.09254 0.35059 0.000
v -0.61878 0.37109 0.000
v -0.61464 0.36816 0.000
v -0.61878 0.36914 0.000
v -0.62569 0.38281 0.000
v -0.62155 0.37500 0.000
v -0.62569 0.37988 0.000
v 0.61326 0.40625 0.000
v 0.61050 0.39746 0.000
v 0.61326 0.40527 0.000
v 0.61878 0.41602 0.000
v 0.61878 0.41113 0.000
v 0.61878 0.41504 0.000
v 0.62431 0.42676 0.000
v 0.62431 0.42188 0.000
v 0.62431 0.42578 0.000
v -0.47652 0.43066 0.000
v -0.42541 0.42773 0.000
v -0.40470 0.42188 0.000
v -0.40193 0.41699 0.000
v -0.42956 0.40137 0.000
v -0.47099 0.39844 0.000
v -0.48619 0.40332 0.000
v -0.49862 0.41602 0.000
v -0.49586 0.42383 0.000
v -0.48066 0.43066 0.000
v -0.47514 0.43164 0.000
v -0.49171 0.42773 0.000
v -0.49862 0.41992 0.000
v -0.49448 0.40820 0.000
v -0.47652 0.39941 0.000
v -0.43785 0.39941 0.000
v -0.40193 0.41602 0.000
v -0.40193 0.42090 0.000
v -0.41575 0.42578 0.000
v -0.46133 0.43164 0.000
v -0.62707 0.44141 0.000
v -0.62569 0.38281 0.000
v -0.63398 0.40332 0.000
v -0.62707 0.44043 0.000
v -0.62293 0.44922 0.000
v -0.62293 0.44434 0.000
v -0.62293 0.44824 0.000
v 0.44613 0.48047 0.000
v 0.45166 0.47852 0.000
v 0.38812 0.41992 0.000
v 0.35221 0.39551 0.000
v 0.32597 0.38672 0.000
v 0.32182 0.39062 0.000
v 0.32735 0.40039 0.000
v 0.36878 0.41699 0.000
v 0.43923 0.47559 0.000
v 0.21133 0.49023 0.000
v 0.21685 0.48242 0.000
v 0.17127 0.43652 0.000
v 0.18370 0.46191 0.000
v 0.21133 0.48926 0.000
v -0.54282 0.50391 0.000
v -0.53729 0.50391 0.000
v -0.54420 0.50391 0.000
v 0.65746 0.51953 0.000
v 0.65746 0.51465 0.000
v 0.65746 0.51855 0.000
v 0.66298 0.53125 0.000
v 0.66298 0.52539 0.000
v 0.66298 0.52930 0.000
v 0.33425 0.54102 0.000
v 0.34669 0.54199 0.000
v 0.35497 0.53613 0.000
v 0.35497 0.52734 0.000
v 0.31630 0.47363 0.000
v 0.25414 0.41895 0.000
v 0.23204 0.40918 0.000
v 0.21685 0.41016 0.000
v 0.20994 0.41797 0.000
v 0.21133 0.42871 0.000
v 0.23895 0.46680 0.000
v 0.29834 0.52441 0.000
v 0.33011 0.54102 0.000
v 0.33564 0.54199 0.000
v 0.29834 0.52539 0.000
v 0.23895 0.46777 0.000
v 0.21133 0.42871 0.000
v 0.21547 0.41016 0.000
v 0.22652 0.40820 0.000
v 0.24862 0.41504 0.000
v 0.30525 0.46094 0.000
v 0.34945 0.51465 0.000
v 0.35497 0.53613 0.000
v 0.34807 0.54199 0.000
v 0.66713 0.57910 0.000
v 0.66989 0.57129 0.000
v 0.66713 0.57617 0.000
v 0.66022 0.59082 0.000
v 0.66436 0.58496 0.000
v 0.66022 0.58984 0.000
v 0.60773 0.62500 0.000
v 0.61602 0.62402 0.000
v 0.60912 0.62402 0.000
v 0.55387 0.63281 0.000
v 0.60912 0.62598 0.000
v 0.55387 0.63086 0.000
v 0.43508 0.64160 0.000
v 0.44751 0.64062 0.000
v 0.45304 0.63184 0.000
v 0.42956 0.61523 0.000
v 0.37155 0.60352 0.000
v 0.33149 0.59961 0.000
v 0.32044 0.60352 0.000
v 0.32459 0.60840 0.000
v 0.42818 0.64160 0.000
v 0.10497 0.64160 0.000
v 0.11878 0.64160 0.000
v 0.12845 0.63574 0.000
v 0.13122 0.61914 0.000
v 0.11464 0.60254 0.000
v 0.09116 0.59863 0.000
v 0.07459 0.60840 0.000
v 0.07320 0.61914 0.000
v 0.08564 0.63379 0.000
v 0.10083 0.64160 0.000
v 0.43646 0.64258 0.000
v 0.33978 0.61426 0.000
v 0.32044 0.60352 0.000
v 0.32597 0.59961 0.000
v 0.37155 0.60352 0.000
v 0.43370 0.61621 0.000
v 0.45304 0.63086 0.000
v 0.45166 0.63770 0.000
v 0.44199 0.64258 0.000
v 0.10635 0.64258 0.000
v 0.08564 0.63477 0.000
v 0.07320 0.61914 0.000
v 0.07459 0.60742 0.000
v 0.09116 0.59863 0.000
v 0.11188 0.60059 0.000
v 0.12845 0.61328 0.000
v 0.12983 0.63477 0.000
v 0.11326 0.64258 0.000
v -0.50276 0.65625 0.000
v -0.51657 0.59277 0.000
v -0.49862 0.53223 0.000
v -0.51934 0.58496 0.000
v -0.51796 0.62109 0.000
v -0.50276 0.65527 0.000
v 0.54558 0.66504 0.000
v 0.54972 0.66113 0.000
v 0.54558 0.66309 0.000
v -0.49448 0.66699 0.000
v -0.49586 0.66211 0.000
v -0.49724 0.66504 0.000
v 0.54282 0.66992 0.000
v 0.54696 0.66602 0.000
v 0.54282 0.66797 0.000
v -0.49862 0.67090 0.000
v -0.49033 0.66895 0.000
v -0.49309 0.66602 0.000
v -0.49724 0.66992 0.000
v 0.26934 0.67285 0.000
v 0.23066 0.66797 0.000
v 0.20994 0.63281 0.000
v 0.05110 0.44922 0.000
v 0.00552 0.41406 0.000
v -0.01519 0.40918 0.000
v -0.02072 0.41992 0.000
v 0.07735 0.53906 0.000
v 0.07735 0.54883 0.000
v 0.06492 0.55371 0.000
v 0.01657 0.54688 0.000
v 0.01105 0.52930 0.000
v -0.06768 0.43555 0.000
v -0.07459 0.41016 0.000
v -0.06215 0.38965 0.000
v -0.05110 0.38574 0.000
v -0.01796 0.38965 0.000
v 0.03729 0.42285 0.000
v 0.04282 0.39551 0.000
v 0.05801 0.38672 0.000
v 0.08011 0.38574 0.000
v 0.10912 0.39453 0.000
v 0.16575 0.43066 0.000
v 0.17403 0.39453 0.000
v 0.19890 0.38477 0.000
v 0.24862 0.39746 0.000
v 0.28867 0.42578 0.000
v 0.29006 0.39844 0.000
v 0.31077 0.38574 0.000
v 0.34254 0.38770 0.000
v 0.38122 0.41113 0.000
v 0.33287 0.38477 0.000
v 0.31077 0.38574 0.000
v 0.29558 0.39355 0.000
v 0.28729 0.40625 0.000
v 0.28867 0.42578 0.000
v 0.23619 0.39258 0.000
v 0.21409 0.38574 0.000
v 0.18785 0.38672 0.000
v 0.16851 0.40332 0.000
v 0.16851 0.43262 0.000
v 0.10773 0.39453 0.000
v 0.07320 0.38477 0.000
v 0.05387 0.38867 0.000
v 0.04006 0.39941 0.000
v 0.03867 0.42285 0.000
v -0.00138 0.39746 0.000
v -0.03315 0.38574 0.000
v -0.05663 0.38770 0.000
v -0.07320 0.40430 0.000
v -0.07459 0.41797 0.000
v -0.06630 0.43750 0.000
v 0.00691 0.52344 0.000
v 0.01657 0.54590 0.000
v 0.03039 0.55176 0.000
v 0.06492 0.55371 0.000
v 0.07735 0.54785 0.000
v 0.07735 0.53906 0.000
v -0.01381 0.43262 0.000
v -0.02072 0.41992 0.000
v -0.01519 0.40918 0.000
v 0.00691 0.41406 0.000
v 0.05110 0.44824 0.000
v 0.20994 0.63184 0.000
v 0.23066 0.66699 0.000
v 0.26934 0.67285 0.000
v 0.29144 0.66895 0.000
v 0.29006 0.65137 0.000
v 0.10083 0.43555 0.000
v 0.09254 0.41406 0.000
v 0.10635 0.41016 0.000
v 0.13812 0.42480 0.000
v 0.21133 0.49219 0.000
v 0.17956 0.45703 0.000
v 0.17265 0.43652 0.000
v 0.21685 0.48242 0.000
v 0.21409 0.49512 0.000
v 0.24171 0.51660 0.000
v 0.28177 0.53809 0.000
v 0.33978 0.55469 0.000
v 0.36602 0.55176 0.000
v 0.37707 0.54102 0.000
v 0.39641 0.55273 0.000
v 0.43923 0.55469 0.000
v 0.44475 0.55078 0.000
v 0.34392 0.43066 0.000
v 0.33840 0.40820 0.000
v 0.36464 0.41797 0.000
v 0.44475 0.47949 0.000
v 0.36602 0.41602 0.000
v 0.32735 0.40137 0.000
v 0.32320 0.38770 0.000
v 0.33978 0.38965 0.000
v 0.38812 0.41895 0.000
v 0.45028 0.47461 0.000
v 0.40055 0.42676 0.000
v 0.45166 0.47168 0.000
v 0.49862 0.52051 0.000
v 0.45166 0.47363 0.000
v 0.45166 0.47949 0.000
v 0.44337 0.48145 0.000
v 0.50967 0.54688 0.000
v 0.52762 0.55664 0.000
v 0.56768 0.55957 0.000
v 0.55110 0.52246 0.000
v 0.53315 0.45508 0.000
v 0.50414 0.41504 0.000
v 0.46961 0.39355 0.000
v 0.43508 0.38477 0.000
v 0.39641 0.38965 0.000
v 0.38260 0.40430 0.000
v 0.40193 0.42480 0.000
v 0.41160 0.42090 0.000
v 0.42265 0.39941 0.000
v 0.43785 0.40039 0.000
v 0.45304 0.41113 0.000
v 0.47652 0.44629 0.000
v 0.50138 0.52051 0.000
v 0.47652 0.44629 0.000
v 0.45304 0.41211 0.000
v 0.43646 0.40039 0.000
v 0.42403 0.39941 0.000
v 0.41160 0.42188 0.000
v 0.40055 0.42480 0.000
v 0.38260 0.40430 0.000
v 0.39503 0.38965 0.000
v 0.43508 0.38477 0.000
v 0.47099 0.39355 0.000
v 0.50414 0.41406 0.000
v 0.53315 0.45508 0.000
v 0.55110 0.52246 0.000
v 0.56768 0.55957 0.000
v 0.51796 0.55371 0.000
v 0.42403 0.46484 0.000
v 0.34392 0.40820 0.000
v 0.33702 0.41016 0.000
v 0.34254 0.42773 0.000
v 0.44061 0.54199 0.000
v 0.44061 0.55469 0.000
v 0.39641 0.55273 0.000
v 0.37845 0.54102 0.000
v 0.36740 0.55176 0.000
v 0.33978 0.55469 0.000
v 0.29006 0.54199 0.000
v 0.22928 0.50879 0.000
v 0.13674 0.42480 0.000
v 0.10635 0.41016 0.000
v 0.09254 0.41504 0.000
v 0.10083 0.43457 0.000
v 0.28867 0.64844 0.000
v 0.29282 0.66602 0.000
v 0.28453 0.67285 0.000
v -0.50552 0.67285 0.000
v -0.49724 0.67188 0.000
v -0.50414 0.67188 0.000
v -0.50967 0.67383 0.000
v -0.50414 0.67383 0.000
v -0.50829 0.67285 0.000
v -0.56906 0.71191 0.000
v -0.56492 0.70996 0.000
v -0.56906 0.71094 0.000
v -0.02762 0.71289 0.000
v -0.01657 0.71387 0.000
v -0.00967 0.70898 0.000
v -0.00967 0.69141 0.000
v -0.04834 0.64258 0.000
v -0.11188 0.59277 0.000
v -0.17956 0.56152 0.000
v -0.13950 0.62109 0.000
v -0.08840 0.67969 0.000
v -0.06630 0.69824 0.000
v -0.03177 0.71289 0.000
v -0.02624 0.71387 0.000
v -0.05663 0.70410 0.000
v -0.08149 0.68750 0.000
v -0.13260 0.63086 0.000
v -0.18094 0.56152 0.000
v -0.12017 0.58691 0.000
v -0.05249 0.63770 0.000
v -0.01243 0.68555 0.000
v -0.00829 0.70508 0.000
v -0.01657 0.71387 0.000
v -0.03453 0.72266 0.000
v -0.00138 0.72266 0.000
v 0.02072 0.70801 0.000
v 0.02348 0.68262 0.000
v 0.00691 0.65332 0.000
v -0.02901 0.62012 0.000
v -0.08564 0.58203 0.000
v -0.13122 0.55957 0.000
v -0.20856 0.53125 0.000
v -0.23757 0.48926 0.000
v -0.29834 0.43359 0.000
v -0.29282 0.42773 0.000
v -0.21409 0.41016 0.000
v -0.17818 0.40918 0.000
v -0.15746 0.41504 0.000
v -0.13536 0.43262 0.000
v -0.11878 0.45898 0.000
v -0.11050 0.48145 0.000
v -0.11464 0.51367 0.000
v -0.10635 0.52246 0.000
v -0.08564 0.50879 0.000
v -0.08149 0.47168 0.000
v -0.09669 0.43945 0.000
v -0.12983 0.41016 0.000
v -0.17265 0.39258 0.000
v -0.21409 0.38672 0.000
v -0.27762 0.39160 0.000
v -0.34116 0.40625 0.000
v -0.43646 0.38574 0.000
v -0.50000 0.38867 0.000
v -0.52348 0.40039 0.000
v -0.53039 0.41211 0.000
v -0.52762 0.42090 0.000
v -0.49171 0.44043 0.000
v -0.42818 0.44727 0.000
v -0.35359 0.44531 0.000
v -0.32873 0.46680 0.000
v -0.29144 0.52441 0.000
v -0.33425 0.52637 0.000
v -0.37569 0.53906 0.000
v -0.40055 0.55664 0.000
v -0.41160 0.57422 0.000
v -0.41575 0.60449 0.000
v -0.41022 0.62109 0.000
v -0.39088 0.64648 0.000
v -0.36188 0.66895 0.000
v -0.31354 0.69043 0.000
v -0.28039 0.69727 0.000
v -0.23757 0.69824 0.000
v -0.22376 0.68945 0.000
v -0.23204 0.68066 0.000
v -0.28177 0.68262 0.000
v -0.31354 0.67383 0.000
v -0.34530 0.65234 0.000
v -0.36188 0.62695 0.000
v -0.36464 0.59277 0.000
v -0.35083 0.56641 0.000
v -0.32735 0.54980 0.000
v -0.28453 0.54199 0.000
v -0.27072 0.54883 0.000
v -0.22099 0.61426 0.000
v -0.17127 0.66113 0.000
v -0.11602 0.69727 0.000
v -0.04144 0.72266 0.000
v -0.03315 0.72363 0.000
v -0.10083 0.70508 0.000
v -0.17127 0.66211 0.000
v -0.22099 0.61523 0.000
v -0.26796 0.55273 0.000
v -0.28453 0.54199 0.000
v -0.31354 0.54492 0.000
v -0.35083 0.56738 0.000
v -0.36464 0.59277 0.000
v -0.36188 0.62695 0.000
v -0.34530 0.65137 0.000
v -0.31630 0.67188 0.000
v -0.28177 0.68262 0.000
v -0.22652 0.68164 0.000
v -0.22514 0.69238 0.000
v -0.24586 0.69922 0.000
v -0.28039 0.69727 0.000
v -0.32044 0.68848 0.000
v -0.36326 0.66895 0.000
v -0.39641 0.64160 0.000
v -0.41298 0.61523 0.000
v -0.41575 0.59180 0.000
v -0.40608 0.56250 0.000
v -0.36878 0.53516 0.000
v -0.29144 0.52148 0.000
v -0.32873 0.46777 0.000
v -0.35497 0.44531 0.000
v -0.42818 0.44727 0.000
v -0.49171 0.44043 0.000
v -0.52762 0.42188 0.000
v -0.53039 0.41211 0.000
v -0.52348 0.39941 0.000
v -0.50000 0.38867 0.000
v -0.43646 0.38574 0.000
v -0.34116 0.40625 0.000
v -0.27762 0.39160 0.000
v -0.21409 0.38672 0.000
v -0.16160 0.39551 0.000
v -0.12845 0.41016 0.000
v -0.09669 0.43848 0.000
v -0.08149 0.47168 0.000
v -0.08702 0.51172 0.000
v -0.10635 0.52246 0.000
v -0.11464 0.51367 0.000
v -0.11050 0.48145 0.000
v -0.11878 0.45898 0.000
v -0.14088 0.42773 0.000
v -0.16298 0.41309 0.000
v -0.17818 0.40918 0.000
v -0.21409 0.41016 0.000
v -0.28867 0.42676 0.000
v -0.29834 0.43359 0.000
v -0.23757 0.48828 0.000
v -0.20856 0.53027 0.000
v -0.09116 0.57812 0.000
v -0.04696 0.60547 0.000
v 0.00138 0.64648 0.000
v 0.01657 0.66602 0.000
v 0.02486 0.69336 0.000
v 0.01657 0.71387 0.000
v -0.00691 0.72363 0.000
v 0.60773 0.74902 0.000
v 0.60773 0.74414 0.000
v 0.60773 0.74805 0.000
v -0.40193 0.83496 0.000
v -0.38950 0.80762 0.000
v -0.41160 0.80566 0.000
v -0.40193 0.83398 0.000
v -0.40193 0.83691 0.000
v -0.41160 0.80566 0.000
v -0.38950 0.80664 0.000
v -0.40055 0.83594 0.000
v 0.43785 0.85840 0.000
v 0.44613 0.85938 0.000
v 0.45994 0.85156 0.000
v 0.47376 0.82422 0.000
v 0.47099 0.78906 0.000
v 0.45166 0.77148 0.000
v 0.43508 0.77246 0.000
v 0.42265 0.77930 0.000
v 0.40884 0.80566 0.000
v 0.41298 0.83594 0.000
v 0.43646 0.85840 0.000
v -0.06768 0.85840 0.000
v -0.04834 0.85352 0.000
v -0.03177 0.82227 0.000
v -0.03591 0.78711 0.000
v -0.05387 0.77148 0.000
v -0.07597 0.77441 0.000
v -0.08978 0.78613 0.000
v -0.09669 0.80176 0.000
v -0.09254 0.83691 0.000
v -0.07044 0.85840 0.000
v 0.43923 0.85938 0.000
v 0.42680 0.85449 0.000
v 0.41575 0.84180 0.000
v 0.40884 0.80566 0.000
v 0.42265 0.77832 0.000
v 0.43370 0.77246 0.000
v 0.45166 0.77148 0.000
v 0.46961 0.78613 0.000
v 0.47514 0.81543 0.000
v 0.46547 0.84473 0.000
v 0.44613 0.85938 0.000
v -0.06630 0.85938 0.000
v -0.08149 0.85254 0.000
v -0.09116 0.83984 0.000
v -0.09669 0.80176 0.000
v -0.08564 0.78027 0.000
v -0.07182 0.77246 0.000
v -0.05387 0.77148 0.000
v -0.03591 0.78711 0.000
v -0.03177 0.82227 0.000
v -0.04282 0.84863 0.000
v -0.05939 0.85938 0.000
v 0.61050 0.86816 0.000
v 0.61326 0.86230 0.000
v 0.61050 0.86621 0.000
v 0.60635 0.87695 0.000
v 0.60912 0.87109 0.000
v 0.60635 0.87500 0.000
v 0.59945 0.88867 0.000
v 0.60359 0.88574 0.000
v 0.59945 0.88672 0.000
v -0.53453 0.89062 0.000
v -0.58011 0.77734 0.000
v -0.58287 0.74609 0.000
v -0.57459 0.71973 0.000
v -0.58564 0.74219 0.000
v -0.58425 0.77441 0.000
v -0.53453 0.88965 0.000
v 0.42956 0.89160 0.000
v 0.46409 0.89062 0.000
v 0.49586 0.87305 0.000
v 0.51519 0.84668 0.000
v 0.52210 0.82031 0.000
v 0.51934 0.78711 0.000
v 0.50552 0.76270 0.000
v 0.47790 0.74316 0.000
v 0.45028 0.73730 0.000
v 0.41713 0.74121 0.000
v 0.38398 0.75977 0.000
v 0.36878 0.77930 0.000
v 0.36188 0.80078 0.000
v 0.36188 0.82617 0.000
v 0.37293 0.85547 0.000
v 0.40055 0.88184 0.000
v 0.42541 0.89160 0.000
v 0.19890 0.89160 0.000
v 0.33978 0.89160 0.000
v 0.35773 0.88867 0.000
v 0.36878 0.87988 0.000
v 0.36878 0.86914 0.000
v 0.35359 0.85840 0.000
v 0.29972 0.85742 0.000
v 0.29972 0.75098 0.000
v 0.28315 0.73828 0.000
v 0.26796 0.73828 0.000
v 0.25276 0.75000 0.000
v 0.25276 0.85645 0.000
v 0.19337 0.86230 0.000
v 0.18232 0.87695 0.000
v 0.19751 0.89160 0.000
v 0.08149 0.89160 0.000
v 0.11050 0.89258 0.000
v 0.15193 0.88477 0.000
v 0.16989 0.87598 0.000
v 0.17403 0.86719 0.000
v 0.16989 0.85840 0.000
v 0.15608 0.85059 0.000
v 0.10221 0.85938 0.000
v 0.08149 0.85742 0.000
v 0.07597 0.84473 0.000
v 0.15055 0.81738 0.000
v 0.17541 0.79395 0.000
v 0.17680 0.77930 0.000
v 0.16713 0.75977 0.000
v 0.14779 0.74609 0.000
v 0.12017 0.73828 0.000
v 0.08287 0.73828 0.000
v 0.04696 0.74414 0.000
v 0.02762 0.75977 0.000
v 0.03039 0.76855 0.000
v 0.04420 0.77734 0.000
v 0.11326 0.77148 0.000
v 0.12845 0.78027 0.000
v 0.12845 0.78711 0.000
v 0.04834 0.81738 0.000
v 0.03039 0.83594 0.000
v 0.02901 0.85547 0.000
v 0.03591 0.86914 0.000
v 0.05525 0.88477 0.000
v 0.07597 0.89160 0.000
v -0.07597 0.89160 0.000
v -0.04558 0.89160 0.000
v -0.01243 0.87500 0.000
v 0.00552 0.85352 0.000
v 0.01519 0.82617 0.000
v 0.01381 0.78906 0.000
v 0.00276 0.76660 0.000
v -0.02348 0.74512 0.000
v -0.05525 0.73730 0.000
v -0.08011 0.73926 0.000
v -0.10497 0.74805 0.000
v -0.12845 0.76660 0.000
v -0.14365 0.79883 0.000
v -0.14365 0.82910 0.000
v -0.13536 0.85156 0.000
v -0.12017 0.87109 0.000
v -0.08011 0.89160 0.000
v -0.23481 0.89160 0.000
v -0.18785 0.88965 0.000
v -0.17541 0.88184 0.000
v -0.17265 0.86816 0.000
v -0.18785 0.85742 0.000
v -0.23481 0.85840 0.000
v -0.25967 0.84668 0.000
v -0.26796 0.82910 0.000
v -0.26934 0.80469 0.000
v -0.25691 0.77637 0.000
v -0.22514 0.77148 0.000
v -0.20718 0.78125 0.000
v -0.20304 0.79785 0.000
v -0.23066 0.79590 0.000
v -0.24862 0.80762 0.000
v -0.24724 0.82031 0.000
v -0.23204 0.82910 0.000
v -0.18232 0.82812 0.000
v -0.16575 0.81836 0.000
v -0.15608 0.80176 0.000
v -0.15884 0.77734 0.000
v -0.17403 0.75684 0.000
v -0.19061 0.74609 0.000
v -0.22790 0.73730 0.000
v -0.26934 0.74219 0.000
v -0.29420 0.75684 0.000
v -0.30801 0.77441 0.000
v -0.31630 0.80078 0.000
v -0.31492 0.83301 0.000
v -0.30110 0.86230 0.000
v -0.27624 0.88086 0.000
v -0.24171 0.89160 0.000
v -0.40470 0.89160 0.000
v -0.38812 0.89062 0.000
v -0.37293 0.87988 0.000
v -0.35221 0.84180 0.000
v -0.32182 0.75684 0.000
v -0.32459 0.74707 0.000
v -0.33840 0.73828 0.000
v -0.35359 0.73828 0.000
v -0.36602 0.74609 0.000
v -0.37707 0.77344 0.000
v -0.42818 0.77148 0.000
v -0.43785 0.74902 0.000
v -0.45304 0.74023 0.000
v -0.46823 0.74121 0.000
v -0.48204 0.75195 0.000
v -0.44337 0.85352 0.000
v -0.42818 0.87793 0.000
v -0.40884 0.89160 0.000
v 0.43094 0.89258 0.000
v 0.39917 0.88184 0.000
v 0.37983 0.86523 0.000
v 0.36326 0.83301 0.000
v 0.36188 0.80078 0.000
v 0.38398 0.75879 0.000
v 0.40608 0.74512 0.000
v 0.44061 0.73730 0.000
v 0.47376 0.74121 0.000
v 0.49862 0.75488 0.000
v 0.51243 0.77148 0.000
v 0.52210 0.80078 0.000
v 0.51934 0.83496 0.000
v 0.50414 0.86523 0.000
v 0.48204 0.88379 0.000
v 0.45442 0.89258 0.000
v 0.20028 0.89258 0.000
v 0.18646 0.88574 0.000
v 0.18232 0.87695 0.000
v 0.19199 0.86230 0.000
v 0.25276 0.85645 0.000
v 0.25276 0.75000 0.000
v 0.26243 0.74023 0.000
v 0.27762 0.73730 0.000
v 0.29144 0.74121 0.000
v 0.29972 0.75098 0.000
v 0.29972 0.85645 0.000
v 0.35773 0.85938 0.000
v 0.37017 0.87598 0.000
v 0.36464 0.88574 0.000
v 0.35221 0.89062 0.000
v 0.27348 0.89258 0.000
v 0.08287 0.89258 0.000
v 0.06077 0.88770 0.000
v 0.04006 0.87500 0.000
v 0.02901 0.85547 0.000
v 0.03039 0.83594 0.000
v 0.04696 0.81738 0.000
v 0.12845 0.78613 0.000
v 0.12845 0.78027 0.000
v 0.11326 0.77148 0.000
v 0.04420 0.77734 0.000
v 0.03315 0.77246 0.000
v 0.02762 0.75977 0.000
v 0.04006 0.74609 0.000
v 0.09669 0.73730 0.000
v 0.14917 0.74609 0.000
v 0.16713 0.75879 0.000
v 0.17680 0.77930 0.000
v 0.17541 0.79395 0.000
v 0.16160 0.81152 0.000
v 0.07597 0.84570 0.000
v 0.07873 0.85449 0.000
v 0.09116 0.85938 0.000
v 0.14365 0.85059 0.000
v 0.16022 0.85156 0.000
v 0.16989 0.85742 0.000
v 0.17403 0.86719 0.000
v 0.16436 0.88086 0.000
v 0.11050 0.89258 0.000
v -0.07459 0.89258 0.000
v -0.10359 0.88379 0.000
v -0.12569 0.86621 0.000
v -0.14227 0.83496 0.000
v -0.14503 0.80859 0.000
v -0.13950 0.78418 0.000
v -0.12293 0.75977 0.000
v -0.09807 0.74414 0.000
v -0.06630 0.73730 0.000
v -0.03315 0.74121 0.000
v -0.00829 0.75391 0.000
v 0.01243 0.78418 0.000
v 0.01657 0.80859 0.000
v 0.01243 0.83789 0.000
v -0.00414 0.86816 0.000
v -0.02624 0.88477 0.000
v -0.05110 0.89258 0.000
v -0.23343 0.89258 0.000
v -0.27348 0.88281 0.000
v -0.29558 0.86914 0.000
v -0.31630 0.82617 0.000
v -0.31492 0.79297 0.000
v -0.29972 0.76172 0.000
v -0.27762 0.74512 0.000
v -0.23895 0.73730 0.000
v -0.21133 0.73926 0.000
v -0.18370 0.74902 0.000
v -0.16575 0.76465 0.000
v -0.15746 0.78125 0.000
v -0.15608 0.80176 0.000
v -0.16298 0.81641 0.000
v -0.19337 0.83105 0.000
v -0.23619 0.82812 0.000
v -0.25000 0.81543 0.000
v -0.24033 0.79883 0.000
v -0.20304 0.79688 0.000
v -0.20580 0.78418 0.000
v -0.21823 0.77344 0.000
v -0.24862 0.77246 0.000
v -0.26519 0.78906 0.000
v -0.26934 0.82129 0.000
v -0.25691 0.84863 0.000
v -0.23481 0.85840 0.000
v -0.18785 0.85742 0.000
v -0.17265 0.86816 0.000
v -0.17541 0.88281 0.000
v -0.20442 0.89258 0.000
v -0.40331 0.89258 0.000
v -0.42265 0.88477 0.000
v -0.43923 0.86133 0.000
v -0.48204 0.75195 0.000
v -0.46961 0.74121 0.000
v -0.45304 0.74023 0.000
v -0.43785 0.74805 0.000
v -0.42680 0.77148 0.000
v -0.37845 0.77344 0.000
v -0.36602 0.74512 0.000
v -0.35359 0.73828 0.000
v -0.33840 0.73828 0.000
v -0.32182 0.75195 0.000
v -0.33564 0.79883 0.000
v -0.36878 0.87500 0.000
v -0.38260 0.88867 0.000
v -0.39503 0.89258 0.000
v 0.59392 0.89746 0.000
v 0.59807 0.89062 0.000
v 0.59392 0.89551 0.000
v -0.53039 0.89746 0.000
v -0.53039 0.89258 0.000
v -0.53039 0.89648 0.000
v -0.32459 0.94727 0.000
v -0.31768 0.94727 0.000
v -0.32182 0.94531 0.000
v 0.01105 0.95215 0.000
v 0.01796 0.95215 0.000
v 0.01243 0.95117 0.000
v -0.30801 0.95215 0.000
v -0.30249 0.95215 0.000
v -0.30663 0.95117 0.000
v -0.13536 0.95410 0.000
v -0.12983 0.95410 0.000
v -0.14227 0.95215 0.000
v -0.13674 0.95410 0.000
v 0.00276 0.95508 0.000
v 0.00967 0.95410 0.000
v 0.00552 0.95312 0.000
v -0.00138 0.95605 0.000
v 0.00414 0.95605 0.000
v 0.00000 0.95508 0.000
v -0.15608 0.95605 0.000
v -0.14088 0.95312 0.000
v -0.15470 0.95508 0.000
v -0.41298 0.96289 0.000
v -0.36878 0.96191 0.000
v -0.31906 0.94531 0.000
v -0.27624 0.95898 0.000
v -0.23895 0.96387 0.000
v -0.18923 0.96191 0.000
v -0.14088 0.95117 0.000
v -0.07735 0.96387 0.000
v -0.02901 0.96191 0.000
v 0.01105 0.95117 0.000
v 0.08011 0.96387 0.000
v 0.15608 0.95801 0.000
v 0.19337 0.96387 0.000
v 0.30801 0.96387 0.000
v 0.38536 0.95703 0.000
v 0.45718 0.96387 0.000
v 0.50000 0.95703 0.000
v 0.54420 0.93945 0.000
v 0.57873 0.91406 0.000
v 0.60635 0.87695 0.000
v 0.62431 0.81738 0.000
v 0.61464 0.76172 0.000
v 0.58425 0.71777 0.000
v 0.53177 0.68066 0.000
v 0.54834 0.66016 0.000
v 0.55387 0.62988 0.000
v 0.60083 0.62695 0.000
v 0.63122 0.61523 0.000
v 0.66436 0.58496 0.000
v 0.67127 0.55566 0.000
v 0.62569 0.42773 0.000
v 0.59807 0.38477 0.000
v 0.54834 0.34473 0.000
v 0.52210 0.33203 0.000
v 0.47099 0.31738 0.000
v 0.51519 0.26953 0.000
v 0.53039 0.22461 0.000
v 0.52624 0.18164 0.000
v 0.51105 0.15039 0.000
v 0.49309 0.12988 0.000
v 0.49171 0.10938 0.000
v 0.54282 0.07227 0.000
v 0.55663 0.04688 0.000
v 0.55801 0.01758 0.000
v 0.54834 -0.00684 0.000
v 0.52348 -0.03320 0.000
v 0.50967 -0.08105 0.000
v 0.49862 -0.09766 0.000
v 0.49309 -0.13672 0.000
v 0.46409 -0.17383 0.000
v 0.49309 -0.18066 0.000
v 0.52072 -0.15430 0.000
v 0.55801 -0.13086 0.000
v 0.61602 -0.10645 0.000
v 0.65746 -0.09766 0.000
v 0.70028 -0.09863 0.000
v 0.72928 -0.10742 0.000
v 0.76934 -0.13965 0.000
v 0.77762 -0.16504 0.000
v 0.78039 -0.21582 0.000
v 0.76381 -0.26367 0.000
v 0.79558 -0.28125 0.000
v 0.81354 -0.30176 0.000
v 0.81768 -0.34570 0.000
v 0.79282 -0.38574 0.000
v 0.73895 -0.43164 0.000
v 0.75000 -0.46777 0.000
v 0.74586 -0.49023 0.000
v 0.73481 -0.50781 0.000
v 0.68646 -0.54785 0.000
v 0.62569 -0.57812 0.000
v 0.68232 -0.57910 0.000
v 0.70994 -0.58789 0.000
v 0.73619 -0.60352 0.000
v 0.75967 -0.62988 0.000
v 0.76934 -0.65527 0.000
v 0.79282 -0.67188 0.000
v 0.80939 -0.69336 0.000
v 0.81492 -0.73438 0.000
v 0.79420 -0.76758 0.000
v 0.74862 -0.79102 0.000
v 0.71547 -0.79688 0.000
v 0.63122 -0.79785 0.000
v 0.62707 -0.83203 0.000
v 0.60083 -0.86914 0.000
v 0.56077 -0.90039 0.000
v 0.50138 -0.92578 0.000
v 0.47928 -0.92969 0.000
v 0.42818 -0.92676 0.000
v 0.38950 -0.93652 0.000
v -0.12293 -0.93457 0.000
v -0.16851 -0.95801 0.000
v -0.19475 -0.96289 0.000
v -0.23343 -0.96191 0.000
v -0.26519 -0.95312 0.000
v -0.29558 -0.93652 0.000
v -0.34116 -0.93359 0.000
v -0.38674 -0.93750 0.000
v -0.43785 -0.92383 0.000
v -0.46133 -0.90723 0.000
v -0.48204 -0.87695 0.000
v -0.48895 -0.79688 0.000
v -0.59945 -0.79883 0.000
v -0.62569 -0.79395 0.000
v -0.67541 -0.76758 0.000
v -0.69613 -0.74121 0.000
v -0.71685 -0.68359 0.000
v -0.71961 -0.64258 0.000
v -0.70028 -0.60742 0.000
v -0.65331 -0.58008 0.000
v -0.70580 -0.56152 0.000
v -0.74724 -0.53516 0.000
v -0.77072 -0.51172 0.000
v -0.78729 -0.48145 0.000
v -0.78729 -0.45312 0.000
v -0.76934 -0.42383 0.000
v -0.80663 -0.37598 0.000
v -0.81906 -0.34668 0.000
v -0.82044 -0.31738 0.000
v -0.80801 -0.29102 0.000
v -0.78039 -0.26855 0.000
v -0.79282 -0.22656 0.000
v -0.78453 -0.16504 0.000
v -0.76381 -0.12695 0.000
v -0.73619 -0.10352 0.000
v -0.70580 -0.09082 0.000
v -0.67818 -0.08594 0.000
v -0.64917 -0.08691 0.000
v -0.61464 -0.09570 0.000
v -0.59392 -0.06250 0.000
v -0.56768 -0.03809 0.000
v -0.44199 0.03613 0.000
v -0.42956 0.06348 0.000
v -0.41160 0.14941 0.000
v -0.38398 0.20996 0.000
v -0.33287 0.27344 0.000
v -0.28039 0.31738 0.000
v -0.33702 0.33105 0.000
v -0.39641 0.31836 0.000
v -0.44199 0.31445 0.000
v -0.50000 0.31543 0.000
v -0.54144 0.32324 0.000
v -0.57320 0.33594 0.000
v -0.60221 0.35547 0.000
v -0.62293 0.38086 0.000
v -0.62983 0.40039 0.000
v -0.62569 0.43848 0.000
v -0.60083 0.47070 0.000
v -0.54558 0.50098 0.000
v -0.48343 0.51465 0.000
v -0.50829 0.55469 0.000
v -0.51657 0.59277 0.000
v -0.51243 0.62891 0.000
v -0.49033 0.67090 0.000
v -0.52901 0.68359 0.000
v -0.56077 0.70605 0.000
v -0.57873 0.73145 0.000
v -0.58287 0.76172 0.000
v -0.55801 0.83594 0.000
v -0.52210 0.90430 0.000
v -0.47652 0.94434 0.000
v -0.42127 0.96289 0.000
v 0.07182 0.96484 0.000
v 0.12155 0.96582 0.000
v 0.16436 0.96094 0.000
v 0.18785 0.96582 0.000
v 0.32320 0.96582 0.000
v 0.39088 0.95996 0.000
v 0.42265 0.96582 0.000
v 0.46409 0.96582 0.000
v 0.51243 0.95508 0.000
v 0.45718 0.96387 0.000
v 0.41713 0.96289 0.000
v 0.38812 0.95703 0.000
v 0.30801 0.96387 0.000
v 0.19337 0.96387 0.000
v 0.16160 0.95801 0.000
v 0.08011 0.96387 0.000
v 0.01934 0.95410 0.000
v 0.06354 0.96484 0.000
v -0.24724 0.96484 0.000
v -0.20442 0.96582 0.000
v -0.15470 0.95703 0.000
v -0.23895 0.96387 0.000
v -0.30387 0.95312 0.000
v -0.25552 0.96484 0.000
v -0.06630 0.96582 0.000
v -0.03177 0.96484 0.000
v 0.00000 0.95703 0.000
v -0.07735 0.96387 0.000
v -0.13122 0.95508 0.000
v -0.08287 0.96582 0.000
v -0.40193 0.96582 0.000
v -0.37293 0.96484 0.000
v -0.34392 0.95703 0.000
v -0.38536 0.96387 0.000
v -0.45304 0.95703 0.000
v -0.41575 0.96582 0.000
v -0.40055 0.96680 0.000
v -0.46133 0.95605 0.000
v -0.49862 0.93359 0.000
v -0.52624 0.90430 0.000
v -0.56492 0.83008 0.000
v -0.58564 0.76758 0.000
v -0.58425 0.73340 0.000
v -0.56906 0.70996 0.000
v -0.54420 0.68848 0.000
v -0.49448 0.66895 0.000
v -0.51381 0.63477 0.000
v -0.52072 0.59473 0.000
v -0.50829 0.54688 0.000
v -0.48343 0.51562 0.000
v -0.53177 0.50586 0.000
v -0.49033 0.51562 0.000
v -0.52901 0.50977 0.000
v -0.58978 0.48340 0.000
v -0.62431 0.44727 0.000
v -0.63536 0.40820 0.000
v -0.62983 0.38672 0.000
v -0.61188 0.35840 0.000
v -0.58011 0.33594 0.000
v -0.53177 0.31836 0.000
v -0.44751 0.31152 0.000
v -0.39641 0.31543 0.000
v -0.34254 0.32910 0.000
v -0.28039 0.31836 0.000
v -0.29972 0.30762 0.000
v -0.34116 0.27051 0.000
v -0.39641 0.19727 0.000
v -0.42127 0.12988 0.000
v -0.43646 0.05176 0.000
v -0.44751 0.03516 0.000
v -0.56077 -0.02832 0.000
v -0.59669 -0.06055 0.000
v -0.61740 -0.09180 0.000
v -0.67265 -0.08301 0.000
v -0.70166 -0.08691 0.000
v -0.74033 -0.10156 0.000
v -0.76657 -0.12402 0.000
v -0.79006 -0.16992 0.000
v -0.79696 -0.22656 0.000
v -0.78315 -0.26562 0.000
v -0.81630 -0.29492 0.000
v -0.82459 -0.32617 0.000
v -0.81492 -0.36816 0.000
v -0.77348 -0.42383 0.000
v -0.79282 -0.46094 0.000
v -0.79006 -0.48340 0.000
v -0.77210 -0.51562 0.000
v -0.74862 -0.53809 0.000
v -0.70718 -0.56445 0.000
v -0.66298 -0.58008 0.000
v -0.70166 -0.60449 0.000
v -0.71409 -0.61816 0.000
v -0.72376 -0.64258 0.000
v -0.72238 -0.67383 0.000
v -0.70166 -0.73828 0.000
v -0.67680 -0.77051 0.000
v -0.63122 -0.79492 0.000
v -0.59669 -0.80078 0.000
v -0.49309 -0.79883 0.000
v -0.49033 -0.86133 0.000
v -0.47514 -0.89648 0.000
v -0.44890 -0.92090 0.000
v -0.40746 -0.93750 0.000
v -0.29696 -0.93848 0.000
v -0.24586 -0.96289 0.000
v -0.20166 -0.96484 0.000
v -0.16298 -0.95898 0.000
v -0.12017 -0.93652 0.000
v -0.06215 -0.93457 0.000
v -0.03453 -0.94043 0.000
v 0.00414 -0.93652 0.000
v 0.08425 -0.94043 0.000
v 0.11326 -0.93555 0.000
v 0.15884 -0.94043 0.000
v 0.17818 -0.93652 0.000
v 0.20718 -0.94043 0.000
v 0.24586 -0.93652 0.000
v 0.38950 -0.93945 0.000
v 0.41575 -0.93555 0.000
v 0.43232 -0.92773 0.000
v 0.48619 -0.93164 0.000
v 0.54696 -0.91211 0.000
v 0.59254 -0.88184 0.000
v 0.62569 -0.84082 0.000
v 0.63674 -0.79883 0.000
v 0.71409 -0.79980 0.000
v 0.75967 -0.79004 0.000
v 0.79972 -0.76660 0.000
v 0.81768 -0.73145 0.000
v 0.81354 -0.69531 0.000
v 0.79696 -0.67090 0.000
v 0.77072 -0.65234 0.000
v 0.76519 -0.63281 0.000
v 0.74171 -0.60352 0.000
v 0.72514 -0.59180 0.000
v 0.68370 -0.57715 0.000
v 0.64365 -0.57422 0.000
v 0.66575 -0.57422 0.000
v 0.69890 -0.58203 0.000
v 0.65884 -0.57617 0.000
v 0.62569 -0.57715 0.000
v 0.63950 -0.57520 0.000
v 0.68646 -0.55273 0.000
v 0.73619 -0.51074 0.000
v 0.75138 -0.48730 0.000
v 0.75414 -0.46875 0.000
v 0.74171 -0.43359 0.000
v 0.79144 -0.39258 0.000
v 0.81354 -0.36523 0.000
v 0.82044 -0.34570 0.000
v 0.82182 -0.31934 0.000
v 0.81492 -0.29785 0.000
v 0.79696 -0.27832 0.000
v 0.76657 -0.26074 0.000
v 0.78453 -0.21582 0.000
v 0.78177 -0.16699 0.000
v 0.77210 -0.13672 0.000
v 0.73343 -0.10547 0.000
v 0.69613 -0.09570 0.000
v 0.65746 -0.09473 0.000
v 0.60773 -0.10645 0.000
v 0.54696 -0.13281 0.000
v 0.51381 -0.15527 0.000
v 0.49171 -0.17773 0.000
v 0.47099 -0.17188 0.000
v 0.50000 -0.12891 0.000
v 0.50000 -0.10156 0.000
v 0.51381 -0.08105 0.000
v 0.52624 -0.03516 0.000
v 0.54972 -0.01074 0.000
v 0.56354 0.02930 0.000
v 0.55663 0.05859 0.000
v 0.54420 0.07617 0.000
v 0.49448 0.11328 0.000
v 0.49586 0.12891 0.000
v 0.52901 0.17969 0.000
v 0.53315 0.23438 0.000
v 0.50829 0.28516 0.000
v 0.47652 0.31641 0.000
v 0.53453 0.33398 0.000
v 0.57044 0.35352 0.000
v 0.60497 0.38574 0.000
v 0.63260 0.43359 0.000
v 0.65055 0.50000 0.000
v 0.67265 0.54883 0.000
v 0.67265 0.57324 0.000
v 0.65470 0.60156 0.000
v 0.64088 0.61328 0.000
v 0.61188 0.62598 0.000
v 0.55663 0.63281 0.000
v 0.55525 0.65137 0.000
v 0.53453 0.68164 0.000
v 0.58840 0.71680 0.000
v 0.61740 0.75879 0.000
v 0.62845 0.81738 0.000
v 0.61050 0.87598 0.000
v 0.58840 0.90918 0.000
v 0.54834 0.94043 0.000
v 0.51381 0.95605 0.000
v 0.46409 0.96582 0.000
v 0.42265 0.96582 0.000
v 0.39088 0.95996 0.000
v 0.34254 0.96582 0.000
v 0.18785 0.96582 0.000
v 0.16436 0.96094 0.000
v 0.06630 0.96582 0.000
v 0.01519 0.95312 0.000
v -0.02072 0.96289 0.000
v -0.05939 0.96680 0.000
v -0.09254 0.96484 0.000
v -0.13812 0.95312 0.000
v -0.19061 0.96484 0.000
v -0.24724 0.96582 0.000
v -0.32044 0.94824 0.000
v -0.37017 0.96484 0.000
v -0.39917 0.96582 0.000
f 1 2 2
f 2 3 3
f 4 5 5
f 5 6 6
f 7 8 8
f 8 9 9
f 10 11 11
f 11 12 12
f 13 14 14
f 14 15 15
f 16 17 17
f 17 18 18
f 19 20 20
f 20 21 21
f 22 23 23
f 23 24 24
f 25 26 26
f 26 27 27
f 28 29 29
f 29 30 30
f 31 32 32
f 32 33 33
f 34 35 35
f 35 36 36
f 37 38 38
f 38 39 39
f 40 41 41
f 41 42 42
f 43 44 44
f 44 45 45
f 46 47 47
f 47 48 48
f 49 50 50
f 50 51 51
f 52 53 53
f 53 54 54
f 55 56 56
f 56 57 57
f 58 59 59
f 59 60 60
f 61 62 62
f 62 63 63
f 64 65 65
f 65 66 66
f 67 68 68
f 68 69 69
f 70 71 71
f 71 72 72
f 73 74 74
f 74 75 75
f 76 77 77
f 77 78 78
f 79 80 80
f 80 81 81
f 82 83 83
f 83 84 84
f 85 86 86
f 86 87 87
f 88 89 89
f 89 90 90
f 91 92 92
f 92 93 93
f 94 95 95
f 95 96 96
f 97 98 98
f 98 99 99
f 100 101 101
f 101 102 102
f 103 104 104
f 104 105 105
f 106 107 107
f 107 108 108
f 109 110 110
f 110 111 111
f 112 113 113
f 113 114 114
f 115 116 116
f 116 117 117
f 118 119 119
f 119 120 120
f 121 122 122
f 122 123 123
f 124 125 125
f 125 126 126
f 127 128 128
f 128 129 129
f 130 131 131
f 131 132 132
f 133 134 134
f 134 135 135
f 136 137 137
f 137 138 138
f 139 140 140
f 140 141 141
f 142 143 143
f 143 144 144
f 145 146 146
f 146 147 147
f 148 149 149
f 149 150 150
f 151 152 152
f 152 153 153
f 154 155 155
f 155 156 156
f 157 158 158
f 158 159 159
f 160 161 161
f 161 162 162
f 163 164 164
f 164 165 165
f 166 167 167
f 167 168 168
f 169 170 170
f 170 171 171
f 172 173 173
f 173 174 174
f 175 176 176
f 176 177 177
f 178 179 179
f 179 180 180
f 181 182 182
f 182 183 183
f 184 185 185
f 185 186 186
f 187 188 188
f 188 189 189
f 190 191 191
f 191 192 192
f 193 194 194
f 194 195 195
f 196 197 197
f 197 198 198
f 199 200 200
f 200 201 201
f 202 203 203
f 203 204 204
f 205 206 206
f 206 207 207
f 208 209 209
f 209 210 210
f 211 212 212
f 212 213 213
f 214 215 215
f 215 216 216
f 217 218 218
f 218 219 219
f 220 221 221
f 221 222 222
f 223 224 224
f 224 225 225
f 226 227 227
f 227 228 228
f 229 230 230
f 230 231 231
f 232 233 233
f 233 234 234
f 235 236 236
f 236 237 237
f 238 239 239
f 239 240 240
f 241 242 242
f 242 243 243
f 244 245 245
f 245 246 246
f 247 248 248
f 248 249 249
f 250 251 251
f 251 252 252
f 253 254 254
f 254 255 255
f 256 257 257
f 257 258 258
f 259 260 260
f 260 261 261
f 262 263 263
f 263 264 264
f 264 265 265
f 265 266 266
f 267 268 268
f 268 269 269
f 269 270 270
f 270 271 271
f 272 273 273
f 273 274 274
f 275 276 276
f 276 277 277
f 277 278 278
f 278 279 279
f 279 280 280
f 280 281 281
f 282 283 283
f 283 284 284
f 284 285 285
f 285 286 286
f 287 288 288
f 288 289 289
f 289 290 290
f 290 291 291
f 291 292 292
f 292 293 293
f 294 295 295
f 295 296 296
f 296 297 297
f 298 299 299
f 299 300 300
f 301 302 302
f 302 303 303
f 304 305 305
f 305 306 306
f 307 308 308
f 308 309 309
f 310 311 311
f 311 312 312
f 313 314 314
f 314 315 315
f 316 317 317
f 317 318 318
f 319 320 320
f 320 321 321
f 321 322 322
f 322 323 323
f 324 325 325
f 325 326 326
f 326 327 327
f 327 328 328
f 328 329 329
f 329 330 330
f 331 332 332
f 332 333 333
f 334 335 335
f 335 336 336
f 337 338 338
f 338 339 339
f 340 341 341
f 341 342 342
f 343 344 344
f 344 345 345
f 346 347 347
f 347 348 348
f 349 350 350
f 350 351 351
f 352 353 353
f 353 354 354
f 355 356 356
f 356 357 357
f 358 359 359
f 359 360 360
f 361 362 362
f 362 363 363
f 364 365 365
f 365 366 366
f 366 367 367
f 367 368 368
f 368 369 369
f 369 370 370
f 370 371 371
f 371 372 372
f 372 373 373
f 373 374 374
f 375 376 376
f 376 377 377
f 378 379 379
f 379 380 380
f 381 382 382
f 382 383 383
f 383 384 384
f 384 385 385
f 385 386 386
f 386 387 387
f 387 388 388
f 388 389 389
f 389 390 390
f 390 391 391
f 392 393 393
f 393 394 394
f 394 395 395
f 395 396 396
f 396 397 397
f 398 399 399
f 399 400 400
f 400 401 401
f 401 402 402
f 402 403 403
f 404 405 405
f 405 406 406
f 406 407 407
f 407 408 408
f 409 410 410
f 410 411 411
f 411 412 412
f 412 413 413
f 413 414 414
f 415 416 416
f 416 417 417
f 417 418 418
f 418 419 419
f 419 420 420
f 420 421 421
f 421 422 422
f 422 423 423
f 423 424 424
f 424 425 425
f 426 427 427
f 427 428 428
f 428 429 429
f 429 430 430
f 430 431 431
f 431 432 432
f 432 433 433
f 433 434 434
f 434 435 435
f 435 436 436
f 436 437 437
f 438 439 439
f 439 440 440
f 440 441 441
f 441 442 442
f 442 443 443
f 443 444 444
f 444 445 445
f 445 446 446
f 446 447 447
f 447 448 448
f 448 449 449
f 449 450 450
f 450 451 451
f 451 452 452
f 452 453 453
f 453 454 454
f 455 456 456
f 456 457 457
f 457 458 458
f 458 459 459
f 459 460 460
f 460 461 461
f 461 462 462
f 462 463 463
f 463 464 464
f 464 465 465
f 465 466 466
f 467 468 468
f 468 469 469
f 469 470 470
f 470 471 471
f 471 472 472
f 472 473 473
f 473 474 474
f 474 475 475
f 475 476 476
f 476 477 477
f 477 478 478
f 478 479 479
f 480 481 481
f 481 482 482
f 482 483 483
f 483 484 484
f 484 485 485
f 485 486 486
f 486 487 487
f 487 488 488
f 488 489 489
f 489 490 490
f 490 491 491
f 492 493 493
f 493 494 494
f 494 495 495
f 495 496 496
f 496 497 497
f 497 498 498
f 498 499 499
f 499 500 500
f 500 501 501
f 501 502 502
f 502 503 503
f 503 504 504
f 504 505 505
f 505 506 506
f 506 507 507
f 507 508 508
f 508 509 509
f 510 511 511
f 511 512 512
f 512 513 513
f 513 514 514
f 514 515 515
f 515 516 516
f 516 517 517
f 517 518 518
f 518 519 519
f 519 520 520
f 520 521 521
f 522 523 523
f 523 524 524
f 524 525 525
f 525 526 526
f 526 527 527
f 527 528 528
f 528 529 529
f 529 530 530
f 530 531 531
f 531 532 532
f 533 534 534
f 534 535 535
f 535 536 536
f 536 537 537
f 537 538 538
f 538 539 539
f 539 540 540
f 540 541 541
f 541 542 542
f 542 543 543
f 543 544 544
f 544 545 545
f 545 546 546
f 546 547 547
f 548 549 549
f 549 550 550
f 550 551 551
f 551 552 552
f 552 553 553
f 553 554 554
f 554 555 555
f 555 556 556
f 556 557 557
f 557 558 558
f 558 559 559
f 560 561 561
f 561 562 562
f 562 563 563
f 563 564 564
f 564 565 565
f 565 566 566
f 566 567 567
f 567 568 568
f 568 569 569
f 569 570 570
f 570 571 571
f 572 573 573
f 573 574 574
f 574 575 575
f 575 576 576
f 576 577 577
f 577 578 578
f 578 579 579
f 579 580 580
f 580 581 581
f 581 582 582
f 582 583 583
f 583 584 584
f 585 586 586
f 586 587 587
f 587 588 588
f 588 589 589
f 589 590 590
f 590 591 591
f 591 592 592
f 592 593 593
f 593 594 594
f 594 595 595
f 595 596 596
f 596 597 597
f 597 598 598
f 598 599 599
f 599 600 600
f 600 601 601
f 601 602 602
f 602 603 603
f 603 604 604
f 604 605 605
f 605 606 606
f 607 608 608
f 608 609 609
f 609 610 610
f 610 611 611
f 611 612 612
f 612 613 613
f 613 614 614
f 614 615 615
f 615 616 616
f 616 617 617
f 617 618 618
f 618 619 619
f 619 620 620
f 620 621 621
f 621 622 622
f 623 624 624
f 624 625 625
f 625 626 626
f 626 627 627
f 627 628 628
f 628 629 629
f 629 630 630
f 630 631 631
f 631 632 632
f 632 633 633
f 633 634 634
f 635 636 636
f 636 637 637
f 637 638 638
f 638 639 639
f 639 640 640
f 640 641 641
f 641 642 642
f 642 643 643
f 643 644 644
f 645 646 646
f 646 647 647
f 647 648 648
f 648 649 649
f 649 650 650
f 650 651 651
f 651 652 652
f 652 653 653
f 653 654 654
f 654 655 655
f 655 656 656
f 656 657 657
f 657 658 658
f 658 659 659
f 659 660 660
f 660 661 661
f 661 662 662
f 662 663 663
f 663 664 664
f 664 665 665
f 665 666 666
f 666 667 667
f 668 669 669
f 669 670 670
f 670 671 671
f 671 672 672
f 672 673 673
f 673 674 674
f 674 675 675
f 675 676 676
f 676 677 677
f 677 678 678
f 678 679 679
f 680 681 681
f 681 682 682
f 682 683 683
f 683 684 684
f 684 685 685
f 685 686 686
f 686 687 687
f 687 688 688
f 688 689 689
f 690 691 691
f 691 692 692
f 692 693 693
f 693 694 694
f 694 695 695
f 695 696 696
f 696 697 697
f 698 699 699
f 699 700 700
f 700 701 701
f 701 702 702
f 702 703 703
f 703 704 704
f 705 706 706
f 706 707 707
f 708 709 709
f 709 710 710
f 710 711 711
f 711 712 712
f 713 714 714
f 714 715 715
f 715 716 716
f 716 717 717
f 718 719 719
f 719 720 720
f 720 721 721
f 721 722 722
f 722 723 723
f 723 724 724
f 725 726 726
f 726 727 727
f 727 728 728
f 728 729 729
f 730 731 731
f 731 732 732
f 732 733 733
f 734 735 735
f 735 736 736
f 736 737 737
f 737 738 738
f 738 739 739
f 739 740 740
f 741 742 742
f 742 743 743
f 743 744 744
f 744 745 745
f 745 746 746
f 746 747 747
f 747 748 748
f 748 749 749
f 750 751 751
f 751 752 752
f 752 753 753
f 753 754 754
f 754 755 755
f 755 756 756
f 756 757 757
f 758 759 759
f 759 760 760
f 760 761 761
f 761 762 762
f 762 763 763
f 763 764 764
f 764 765 765
f 766 767 767
f 767 768 768
f 768 769 769
f 769 770 770
f 770 771 771
f 771 772 772
f 772 773 773
f 774 775 775
f 775 776 776
f 776 777 777
f 777 778 778
f 778 779 779
f 779 780 780
f 780 781 781
f 782 783 783
f 783 784 784
f 784 785 785
f 785 786 786
f 786 787 787
f 787 788 788
f 788 789 789
f 789 790 790
f 791 792 792
f 792 793 793
f 793 794 794
f 794 795 795
f 795 796 796
f 796 797 797
f 798 799 799
f 799 800 800
f 800 801 801
f 801 802 802
f 802 803 803
f 803 804 804
f 804 805 805
f 805 806 806
f 806 807 807
f 807 808 808
f 808 809 809
f 810 811 811
f 811 812 812
f 812 813 813
f 813 814 814
f 814 815 815
f 815 816 816
f 816 817 817
f 817 818 818
f 818 819 819
f 819 820 820
f 820 821 821
f 821 822 822
f 822 823 823
f 824 825 825
f 825 826 826
f 826 827 827
f 827 828 828
f 828 829 829
f 829 830 830
f 831 832 832
f 832 833 833
f 833 834 834
f 834 835 835
f 835 836 836
f 836 837 837
f 837 838 838
f 838 839 839
f 839 840 840
f 840 841 841
f 841 842 842
f 842 843 843
f 843 844 844
f 845 846 846
f 846 847 847
f 847 848 848
f 848 849 849
f 849 850 850
f 850 851 851
f 851 852 852
f 852 853 853
f 853 854 854
f 855 856 856
f 856 857 857
f 857 858 858
f 858 859 859
f 859 860 860
f 860 861 861
f 861 862 862
f 862 863 863
f 863 864 864
f 864 865 865
f 865 866 866
f 867 868 868
f 868 869 869
f 869 870 870
f 870 871 871
f 871 872 872
f 872 873 873
f 873 874 874
f 874 875 875
f 875 876 876
f 876 877 877
f 878 879 879
f 879 880 880
f 880 881 881
f 881 882 882
f 882 883 883
f 883 884 884
f 884 885 885
f 885 886 886
f 886 887 887
f 887 888 888
f 888 889 889
f 889 890 890
f 890 891 891
f 891 892 892
f 892 893 893
f 893 894 894
f 895 896 896
f 896 897 897
f 897 898 898
f 898 899 899
f 899 900 900
f 900 901 901
f 901 902 902
f 902 903 903
f 903 904 904
f 905 906 906
f 906 907 907
f 907 908 908
f 908 909 909
f 909 910 910
f 910 911 911
f 911 912 912
f 912 913 913
f 913 914 914
f 914 915 915
f 915 916 916
f 917 918 918
f 918 919 919
f 919 920 920
f 920 921 921
f 921 922 922
f 922 923 923
f 923 924 924
f 924 925 925
f 925 926 926
f 926 927 927
f 927 928 928
f 928 929 929
f 929 930 930
f 930 931 931
f 931 932 932
f 933 934 934
f 934 935 935
f 935 936 936
f 936 937 937
f 937 938 938
f 938 939 939
f 939 940 940
f 940 941 941
f 941 942 942
f 942 943 943
f 943 944 944
f 944 945 945
f 945 946 946
f 946 947 947
f 947 948 948
f 948 949 949
f 950 951 951
f 951 952 952
f 952 953 953
f 953 954 954
f 954 955 955
f 955 956 956
f 956 957 957
f 957 958 958
f 958 959 959
f 959 960 960
f 960 961 961
f 961 962 962
f 962 963 963
f 963 964 964
f 964 965 965
f 965 966 966
f 966 967 967
f 967 968 968
f 968 969 969
f 969 970 970
f 970 971 971
f 972 973 973
f 973 974 974
f 974 975 975
f 975 976 976
f 976 977 977
f 977 978 978
f 978 979 979
f 979 980 980
f 980 981 981
f 981 982 982
f 982 983 983
f 984 985 985
f 985 986 986
f 986 987 987
f 987 988 988
f 988 989 989
f 989 990 990
f 990 991 991
f 991 992 992
f 992 993 993
f 993 994 994
f 994 995 995
f 995 996 996
f 996 997 997
f 998 999 999
f 999 1000 1000
f 1000 1001 1001
f 1001 1002 1002
f 1002 1003 1003
f 1003 1004 1004
f 1004 1005 1005
f 1005 1006 1006
f 1006 1007 1007
f 1007 1008 1008
f 1008 1009 1009
f 1009 1010 1010
f 1010 1011 1011
f 1011 1012 1012
f 1012 1013 1013
f 1013 1014 1014
f 1014 1015 1015
f 1015 1016 1016
f 1016 1017 1017
f 1017 1018 1018
f 1018 1019 1019
f 1019 1020 1020
f 1020 1021 1021
f 1021 1022 1022
f 1022 1023 1023
f 1023 1024 1024
f 1024 1025 1025
f 1026 1027 1027
f 1027 1028 1028
f 1028 1029 1029
f 1029 1030 1030
f 1030 1031 1031
f 1031 1032 1032
f 1032 1033 1033
f 1033 1034 1034
f 1034 1035 1035
f 1035 1036 1036
f 1036 1037 1037
f 1037 1038 1038
f 1038 1039 1039
f 1040 1041 1041
f 1041 1042 1042
f 1042 1043 1043
f 1043 1044 1044
f 1044 1045 1045
f 1045 1046 1046
f 1046 1047 1047
f 1047 1048 1048
f 1048 1049 1049
f 1049 1050 1050
f 1051 1052 1052
f 1052 1053 1053
f 1053 1054 1054
f 1054 1055 1055
f 1055 1056 1056
f 1056 1057 1057
f 1057 1058 1058
f 1058 1059 1059
f 1059 1060 1060
f 1060 1061 1061
f 1061 1062 1062
f 1062 1063 1063
f 1063 1064 1064
f 1064 1065 1065
f 1065 1066 1066
f 1066 1067 1067
f 1067 1068 1068
f 1069 1070 1070
f 1070 1071 1071
f 1071 1072 1072
f 1072 1073 1073
f 1073 1074 1074
f 1074 1075 1075
f 1075 1076 1076
f 1076 1077 1077
f 1077 1078 1078
f 1078 1079 1079
f 1079 1080 1080
f 1081 1082 1082
f 1082 1083 1083
f 1083 1084 1084
f 1084 1085 1085
f 1085 1086 1086
f 1086 1087 1087
f 1087 1088 1088
f 1088 1089 1089
f 1089 1090 1090
f 1091 1092 1092
f 1092 1093 1093
f 1093 1094 1094
f 1094 1095 1095
f 1095 1096 1096
f 1096 1097 1097
f 1097 1098 1098
f 1098 1099 1099
f 1099 1100 1100
f 1100 1101 1101
f 1101 1102 1102
f 1102 1103 1103
f 1103 1104 1104
f 1104 1105 1105
f 1105 1106 1106
f 1106 1107 1107
f 1107 1108 1108
f 1108 1109 1109
f 1110 1111 1111
f 1111 1112 1112
f 1112 1113 1113
f 1113 1114 1114
f 1114 1115 1115
f 1115 1116 1116
f 1116 1117 1117
f 1117 1118 1118
f 1118 1119 1119
f 1119 1120 1120
f 1120 1121 1121
f 1121 1122 1122
f 1122 1123 1123
f 1123 1124 1124
f 1124 1125 1125
f 1126 1127 1127
f 1127 1128 1128
f 1128 1129 1129
f 1129 1130 1130
f 1130 1131 1131
f 1131 1132 1132
f 1132 1133 1133
f 1133 1134 1134
f 1134 1135 1135
f 1136 1137 1137
f 1137 1138 1138
f 1138 1139 1139
f 1139 1140 1140
f 1140 1141 1141
f 1141 1142 1142
f 1142 1143 1143
f 1143 1144 1144
f 1144 1145 1145
f 1145 1146 1146
f 1146 1147 1147
f 1148 1149 1149
f 1149 1150 1150
f 1150 1151 1151
f 1151 1152 1152
f 1152 1153 1153
f 1153 1154 1154
f 1154 1155 1155
f 1155 1156 1156
f 1156 1157 1157
f 1157 1158 1158
f 1158 1159 1159
f 1159 1160 1160
f 1160 1161 1161
f 1161 1162 1162
f 1162 1163 1163
f 1163 1164 1164
f 1164 1165 1165
f 1165 1166 1166
f 1166 1167 1167
f 1167 1168 1168
f 1168 1169 1169
f 1169 1170 1170
f 1170 1171 1171
f 1171 1172 1172
f 1173 1174 1174
f 1174 1175 1175
f 1175 1176 1176
f 1176 1177 1177
f 1177 1178 1178
f 1178 1179 1179
f 1179 1180 1180
f 1180 1181 1181
f 1181 1182 1182
f 1182 1183 1183
f 1183 1184 1184
f 1184 1185 1185
f 1185 1186 1186
f 1186 1187 1187
f 1187 1188 1188
f 1189 1190 1190
f 1190 1191 1191
f 1191 1192 1192
f 1192 1193 1193
f 1193 1194 1194
f 1194 1195 1195
f 1195 1196 1196
f 1196 1197 1197
f 1197 1198 1198
f 1198 1199 1199
f 1199 1200 1200
f 1200 1201 1201
f 1201 1202 1202
f 1202 1203 1203
f 1203 1204 1204
f 1204 1205 1205
f 1206 1207 1207
f 1207 1208 1208
f 1208 1209 1209
f 1209 1210 1210
f 1210 1211 1211
f 1211 1212 1212
f 1212 1213 1213
f 1213 1214 1214
f 1214 1215 1215
f 1216 1217 1217
f 1217 1218 1218
f 1218 1219 1219
f 1219 1220 1220
f 1220 1221 1221
f 1221 1222 1222
f 1222 1223 1223
f 1223 1224 1224
f 1224 1225 1225
f 1225 1226 1226
f 1226 1227 1227
f 1227 1228 1228
f 1228 1229 1229
f 1229 1230 1230
f 1230 1231 1231
f 1231 1232 1232
f 1232 1233 1233
f 1233 1234 1234
f 1235 1236 1236
f 1236 1237 1237
f 1237 1238 1238
f 1238 1239 1239
f 1239 1240 1240
f 1240 1241 1241
f 1241 1242 1242
f 1242 1243 1243
f 1243 1244 1244
f 1244 1245 1245
f 1245 1246 1246
f 1246 1247 1247
f 1247 1248 1248
f 1248 1249 1249
f 1249 1250 1250
f 1250 1251 1251
f 1251 1252 1252
f 1252 1253 1253
f 1254 1255 1255
f 1255 1256 1256
f 1256 1257 1257
f 1257 1258 1258
f 1258 1259 1259
f 1259 1260 1260
f 1260 1261 1261
f 1261 1262 1262
f 1262 1263 1263
f 1264 1265 1265
f 1265 1266 1266
f 1267 1268 1268
f 1268 1269 1269
f 1269 1270 1270
f 1270 1271 1271
f 1271 1272 1272
f 1272 1273 1273
f 1274 1275 1275
f 1275 1276 1276
f 1276 1277 1277
f 1277 1278 1278
f 1278 1279 1279
f 1279 1280 1280
f 1280 1281 1281
f 1281 1282 1282
f 1282 1283 1283
f 1284 1285 1285
f 1285 1286 1286
f 1286 1287 1287
f 1287 1288 1288
f 1288 1289 1289
f 1290 1291 1291
f 1291 1292 1292
f 1292 1293 1293
f 1293 1294 1294
f 1294 1295 1295
f 1295 1296 1296
f 1297 1298 1298
f 1298 1299 1299
f 1299 1300 1300
f 1300 1301 1301
f 1302 1303 1303
f 1303 1304 1304
f 1304 1305 1305
f 1305 1306 1306
f 1306 1307 1307
f 1307 1308 1308
f 1308 1309 1309
f 1309 1310 1310
f 1311 1312 1312
f 1312 1313 1313
f 1313 1314 1314
f 1314 1315 1315
f 1315 1316 1316
f 1317 1318 1318
f 1318 1319 1319
f 1320 1321 1321
f 1321 1322 1322
f 1323 1324 1324
f 1324 1325 1325
f 1326 1327 1327
f 1327 1328 1328
f 1329 1330 1330
f 1330 1331 1331
f 1332 1333 1333
f 1333 1334 1334
f 1335 1336 1336
f 1336 1337 1337
f 1338 1339 1339
f 1339 1340 1340
f 1341 1342 1342
f 1342 1343 1343
f 1344 1345 1345
f 1345 1346 1346
f 1347 1348 1348
f 1348 1349 1349
f 1350 1351 1351
f 1351 1352 1352
f 1352 1353 1353
f 1353 1354 1354
f 1354 1355 1355
f 1355 1356 1356
f 1356 1357 1357
f 1357 1358 1358
f 1358 1359 1359
f 1359 1360 1360
f 1361 1362 1362
f 1362 1363 1363
f 1363 1364 1364
f 1364 1365 1365
f 1365 1366 1366
f 1366 1367 1367
f 1367 1368 1368
f 1368 1369 1369
f 1369 1370 1370
f 1370 1371 1371
f 1371 1372 1372
f 1372 1373 1373
f 1373 1374 1374
f 1374 1375 1375
f 1375 1376 1376
f 1376 1377 1377
f 1377 1378 1378
f 1378 1379 1379
f 1379 1380 1380
f 1380 1381 1381
f 1381 1382 1382
f 1383 1384 1384
f 1384 1385 1385
f 1385 1386 1386
f 1386 1387 1387
f 1387 1388 1388
f 1388 1389 1389
f 1389 1390 1390
f 1390 1391 1391
f 1391 1392 1392
f 1392 1393 1393
f 1393 1394 1394
f 1395 1396 1396
f 1396 1397 1397
f 1397 1398 1398
f 1398 1399 1399
f 1399 1400 1400
f 1400 1401 1401
f 1401 1402 1402
f 1402 1403 1403
f 1403 1404 1404
f 1404 1405 1405
f 1405 1406 1406
f 1407 1408 1408
f 1408 1409 1409
f 1409 1410 1410
f 1410 1411 1411
f 1412 1413 1413
f 1413 1414 1414
f 1415 1416 1416
f 1416 1417 1417
f 1418 1419 1419
f 1419 1420 1420
f 1421 1422 1422
f 1422 1423 1423
f 1424 1425 1425
f 1425 1426 1426
f 1426 1427 1427
f 1427 1428 1428
f 1428 1429 1429
f 1429 1430 1430
f 1430 1431 1431
f 1431 1432 1432
f 1432 1433 1433
f 1433 1434 1434
f 1434 1435 1435
f 1435 1436 1436
f 1436 1437 1437
f 1437 1438 1438
f 1438 1439 1439
f 1439 1440 1440
f 1440 1441 1441
f 1441 1442 1442
f 1443 1444 1444
f 1444 1445 1445
f 1445 1446 1446
f 1446 1447 1447
f 1447 1448 1448
f 1448 1449 1449
f 1449 1450 1450
f 1450 1451 1451
f 1451 1452 1452
f 1452 1453 1453
f 1453 1454 1454
f 1454 1455 1455
f 1455 1456 1456
f 1456 1457 1457
f 1457 1458 1458
f 1458 1459 1459
f 1459 1460 1460
f 1460 1461 1461
f 1461 1462 1462
f 1462 1463 1463
f 1464 1465 1465
f 1465 1466 1466
f 1467 1468 1468
f 1468 1469 1469
f 1469 1470 1470
f 1470 1471 1471
f 1471 1472 1472
f 1472 1473 1473
f 1473 1474 1474
f 1474 1475 1475
f 1475 1476 1476
f 1476 1477 1477
f 1478 1479 1479
f 1479 1480 1480
f 1480 1481 1481
f 1481 1482 1482
f 1482 1483 1483
f 1483 1484 1484
f 1484 1485 1485
f 1485 1486 1486
f 1486 1487 1487
f 1487 1488 1488
f 1488 1489 1489
f 1489 1490 1490
f 1490 1491 1491
f 1492 1493 1493
f 1493 1494 1494
f 1494 1495 1495
f 1495 1496 1496
f 1496 1497 1497
f 1497 1498 1498
f 1498 1499 1499
f 1499 1500 1500
f 1500 1501 1501
f 1501 1502 1502
f 1503 1504 1504
f 1504 1505 1505
f 1505 1506 1506
f 1506 1507 1507
f 1507 1508 1508
f 1508 1509 1509
f 1509 1510 1510
f 1510 1511 1511
f 1511 1512 1512
f 1512 1513 1513
f 1513 1514 1514
f 1514 1515 1515
f 1516 1517 1517
f 1517 1518 1518
f 1519 1520 1520
f 1520 1521 1521
f 1521 1522 1522
f 1522 1523 1523
f 1524 1525 1525
f 1525 1526 1526
f 1526 1527 1527
f 1527 1528 1528
f 1528 1529 1529
f 1529 1530 1530
f 1530 1531 1531
f 1531 1532 1532
f 1532 1533 1533
f 1533 1534 1534
f 1534 1535 1535
f 1535 1536 1536
f 1536 1537 1537
f 1537 1538 1538
f 1538 1539 1539
f 1539 1540 1540
f 1540 1541 1541
f 1541 1542 1542
f 1542 1543 1543
f 1543 1544 1544
f 1544 1545 1545
f 1545 1546 1546
f 1546 1547 1547
f 1547 1548 1548
f 1548 1549 1549
f 1549 1550 1550
f 1550 1551 1551
f 1551 1552 1552
f 1552 1553 1553
f 1553 1554 1554
f 1554 1555 1555
f 1555 1556 1556
f 1556 1557 1557
f 1557 1558 1558
f 1558 1559 1559
f 1559 1560 1560
f 1560 1561 1561
f 1561 1562 1562
f 1562 1563 1563
f 1563 1564 1564
f 1564 1565 1565
f 1565 1566 1566
f 1566 1567 1567
f 1567 1568 1568
f 1569 1570 1570
f 1570 1571 1571
f 1571 1572 1572
f 1572 1573 1573
f 1573 1574 1574
f 1574 1575 1575
f 1575 1576 1576
f 1576 1577 1577
f 1577 1578 1578
f 1578 1579 1579
f 1579 1580 1580
f 1580 1581 1581
f 1581 1582 1582
f 1582 1583 1583
f 1583 1584 1584
f 1584 1585 1585
f 1585 1586 1586
f 1586 1587 1587
f 1587 1588 1588
f 1588 1589 1589
f 1590 1591 1591
f 1591 1592 1592
f 1593 1594 1594
f 1594 1595 1595
f 1596 1597 1597
f 1597 1598 1598
f 1599 1600 1600
f 1600 1601 1601
f 1601 1602 1602
f 1602 1603 1603
f 1603 1604 1604
f 1604 1605 1605
f 1605 1606 1606
f 1606 1607 1607
f 1607 1608 1608
f 1608 1609 1609
f 1609 1610 1610
f 1611 1612 1612
f 1612 1613 1613
f 1613 1614 1614
f 1614 1615 1615
f 1615 1616 1616
f 1616 1617 1617
f 1617 1618 1618
f 1618 1619 1619
f 1619 1620 1620
f 1620 1621 1621
f 1622 1623 1623
f 1623 1624 1624
f 1625 1626 1626
f 1626 1627 1627
f 1627 1628 1628
f 1628 1629 1629
f 1629 1630 1630
f 1630 1631 1631
f 1631 1632 1632
f 1632 1633 1633
f 1633 1634 1634
f 1634 1635 1635
f 1635 1636 1636
f 1636 1637 1637
f 1637 1638 1638
f 1638 1639 1639
f 1639 1640 1640
f 1640 1641 1641
f 1641 1642 1642
f 1642 1643 1643
f 1643 1644 1644
f 1644 1645 1645
f 1645 1646 1646
f 1646 1647 1647
f 1647 1648 1648
f 1648 1649 1649
f 1649 1650 1650
f 1650 1651 1651
f 1651 1652 1652
f 1652 1653 1653
f 1653 1654 1654
f 1654 1655 1655
f 1655 1656 1656
f 1656 1657 1657
f 1657 1658 1658
f 1658 1659 1659
f 1659 1660 1660
f 1660 1661 1661
f 1661 1662 1662
f 1662 1663 1663
f 1663 1664 1664
f 1664 1665 1665
f 1665 1666 1666
f 1666 1667 1667
f 1667 1668 1668
f 1668 1669 1669
f 1669 1670 1670
f 1670 1671 1671
f 1671 1672 1672
f 1672 1673 1673
f 1673 1674 1674
f 1674 1675 1675
f 1675 1676 1676
f 1676 1677 1677
f 1677 1678 1678
f 1678 1679 1679
f 1679 1680 1680
f 1680 1681 1681
f 1681 1682 1682
f 1682 1683 1683
f 1683 1684 1684
f 1684 1685 1685
f 1685 1686 1686
f 1686 1687 1687
f 1687 1688 1688
f 1688 1689 1689
f 1689 1690 1690
f 1690 1691 1691
f 1691 1692 1692
f 1692 1693 1693
f 1693 1694 1694
f 1694 1695 1695
f 1695 1696 1696
f 1696 1697 1697
f 1697 1698 1698
f 1698 1699 1699
f 1699 1700 1700
f 1700 1701 1701
f 1701 1702 1702
f 1702 1703 1703
f 1703 1704 1704
f 1704 1705 1705
f 1705 1706 1706
f 1706 1707 1707
f 1707 1708 1708
f 1708 1709 1709
f 1709 1710 1710
f 1710 1711 1711
f 1711 1712 1712
f 1712 1713 1713
f 1713 1714 1714
f 1714 1715 1715
f 1715 1716 1716
f 1716 1717 1717
f 1717 1718 1718
f 1718 1719 1719
f 1719 1720 1720
f 1720 1721 1721
f 1721 1722 1722
f 1722 1723 1723
f 1723 1724 1724
f 1724 1725 1725
f 1725 1726 1726
f 1726 1727 1727
f 1727 1728 1728
f 1728 1729 1729
f 1729 1730 1730
f 1730 1731 1731
f 1731 1732 1732
f 1732 1733 1733
f 1733 1734 1734
f 1734 1735 1735
f 1735 1736 1736
f 1736 1737 1737
f 1737 1738 1738
f 1738 1739 1739
f 1739 1740 1740
f 1740 1741 1741
f 1741 1742 1742
f 1742 1743 1743
f 1743 1744 1744
f 1744 1745 1745
f 1745 1746 1746
f 1746 1747 1747
f 1747 1748 1748
f 1748 1749 1749
f 1750 1751 1751
f 1751 1752 1752
f 1752 1753 1753
f 1753 1754 1754
f 1754 1755 1755
f 1755 1756 1756
f 1756 1757 1757
f 1757 1758 1758
f 1758 1759 1759
f 1759 1760 1760
f 1760 1761 1761
f 1761 1762 1762
f 1762 1763 1763
f 1763 1764 1764
f 1764 1765 1765
f 1765 1766 1766
f 1766 1767 1767
f 1767 1768 1768
f 1769 1770 1770
f 1770 1771 1771
f 1771 1772 1772
f 1772 1773 1773
f 1773 1774 1774
f 1774 1775 1775
f 1775 1776 1776
f 1776 1777 1777
f 1777 1778 1778
f 1778 1779 1779
f 1779 1780 1780
f 1780 1781 1781
f 1781 1782 1782
f 1782 1783 1783
f 1783 1784 1784
f 1784 1785 1785
f 1785 1786 1786
f 1786 1787 1787
f 1787 1788 1788
f 1788 1789 1789
f 1789 1790 1790
f 1790 1791 1791
f 1791 1792 1792
f 1792 1793 1793
f 1793 1794 1794
f 1794 1795 1795
f 1795 1796 1796
f 1796 1797 1797
f 1797 1798 1798
f 1798 1799 1799
f 1799 1800 1800
f 1800 1801 1801
f 1801 1802 1802
f 1802 1803 1803
f 1803 1804 1804
f 1804 1805 1805
f 1805 1806 1806
f 1806 1807 1807
f 1807 1808 1808
f 1808 1809 1809
f 1809 1810 1810
f 1810 1811 1811
f 1811 1812 1812
f 1812 1813 1813
f 1813 1814 1814
f 1814 1815 1815
f 1815 1816 1816
f 1816 1817 1817
f 1817 1818 1818
f 1818 1819 1819
f 1819 1820 1820
f 1820 1821 1821
f 1821 1822 1822
f 1822 1823 1823
f 1823 1824 1824
f 1824 1825 1825
f 1825 1826 1826
f 1826 1827 1827
f 1827 1828 1828
f 1828 1829 1829
f 1829 1830 1830
f 1830 1831 1831
f 1831 1832 1832
f 1832 1833 1833
f 1833 1834 1834
f 1834 1835 1835
f 1835 1836 1836
f 1836 1837 1837
f 1837 1838 1838
f 1838 1839 1839
f 1839 1840 1840
f 1840 1841 1841
f 1841 1842 1842
f 1842 1843 1843
f 1843 1844 1844
f 1844 1845 1845
f 1845 1846 1846
f 1846 1847 1847
f 1847 1848 1848
f 1848 1849 1849
f 1849 1850 1850
f 1850 1851 1851
f 1851 1852 1852
f 1852 1853 1853
f 1853 1854 1854
f 1854 1855 1855
f 1855 1856 1856
f 1856 1857 1857
f 1857 1858 1858
f 1858 1859 1859
f 1859 1860 1860
f 1860 1861 1861
f 1861 1862 1862
f 1862 1863 1863
f 1863 1864 1864
f 1864 1865 1865
f 1865 1866 1866
f 1866 1867 1867
f 1867 1868 1868
f 1868 1869 1869
f 1869 1870 1870
f 1870 1871 1871
f 1871 1872 1872
f 1872 1873 1873
f 1873 1874 1874
f 1874 1875 1875
f 1876 1877 1877
f 1877 1878 1878
f 1878 1879 1879
f 1879 1880 1880
f 1880 1881 1881
f 1882 1883 1883
f 1883 1884 1884
f 1885 1886 1886
f 1886 1887 1887
f 1888 1889 1889
f 1889 1890 1890
f 1891 1892 1892
f 1892 1893 1893
f 1894 1895 1895
f 1895 1896 1896
f 1897 1898 1898
f 1898 1899 1899
f 1900 1901 1901
f 1901 1902 1902
f 1902 1903 1903
f 1903 1904 1904
f 1904 1905 1905
f 1906 1907 1907
f 1907 1908 1908
f 1908 1909 1909
f 1909 1910 1910
f 1911 1912 1912
f 1912 1913 1913
f 1913 1914 1914
f 1914 1915 1915
f 1916 1917 1917
f 1917 1918 1918
f 1919 1920 1920
f 1920 1921 1921
f 1922 1923 1923
f 1923 1924 1924
f 1924 1925 1925
f 1925 1926 1926
f 1926 1927 1927
f 1927 1928 1928
f 1928 1929 1929
f 1929 1930 1930
f 1930 1931 1931
f 1931 1932 1932
f 1932 1933 1933
f 1933 1934 1934
f 1934 1935 1935
f 1935 1936 1936
f 1936 1937 1937
f 1937 1938 1938
f 1938 1939 1939
f 1939 1940 1940
f 1940 1941 1941
f 1941 1942 1942
f 1942 1943 1943
f 1943 1944 1944
f 1945 1946 1946
f 1946 1947 1947
f 1948 1949 1949
f 1949 1950 1950
f 1950 1951 1951
f 1951 1952 1952
f 1952 1953 1953
f 1953 1954 1954
f 1954 1955 1955
f 1956 1957 1957
f 1957 1958 1958
f 1958 1959 1959
f 1959 1960 1960
f 1960 1961 1961
f 1961 1962 1962
f 1962 1963 1963
f 1963 1964 1964
f 1965 1966 1966
f 1966 1967 1967
f 1968 1969 1969
f 1969 1970 1970
f 1971 1972 1972
f 1972 1973 1973
f 1973 1974 1974
f 1975 1976 1976
f 1976 1977 1977
f 1978 1979 1979
f 1979 1980 1980
f 1980 1981 1981
f 1981 1982 1982
f 1982 1983 1983
f 1983 1984 1984
f 1984 1985 1985
f 1985 1986 1986
f 1986 1987 1987
f 1987 1988 1988
f 1988 1989 1989
f 1989 1990 1990
f 1991 1992 1992
f 1992 1993 1993
f 1993 1994 1994
f 1994 1995 1995
f 1995 1996 1996
f 1996 1997 1997
f 1997 1998 1998
f 1998 1999 1999
f 1999 2000 2000
f 2000 2001 2001
f 2001 2002 2002
f 2002 2003 2003
f 2004 2005 2005
f 2005 2006 2006
f 2007 2008 2008
f 2008 2009 2009
f 2009 2010 2010
f 2010 2011 2011
f 2011 2012 2012
f 2012 2013 2013
f 2013 2014 2014
f 2014 2015 2015
f 2015 2016 2016
f 2016 2017 2017
f 2017 2018 2018
f 2018 2019 2019
f 2019 2020 2020
f 2020 2021 2021
f 2021 2022 2022
f 2022 2023 2023
f 2023 2024 2024
f 2024 2025 2025
f 2025 2026 2026
f 2026 2027 2027
f 2027 2028 2028
f 2028 2029 2029
f 2029 2030 2030
f 2030 2031 2031
f 2031 2032 2032
f 2032 2033 2033
f 2033 2034 2034
f 2034 2035 2035
f 2035 2036 2036
f 2036 2037 2037
f 2037 2038 2038
f 2038 2039 2039
f 2039 2040 2040
f 2040 2041 2041
f 2041 2042 2042
f 2042 2043 2043
f 2043 2044 2044
f 2044 2045 2045
f 2045 2046 2046
f 2046 2047 2047
f 2047 2048 2048
f 2048 2049 2049
f 2049 2050 2050
f 2050 2051 2051
f 2051 2052 2052
f 2052 2053 2053
f 2053 2054 2054
f 2054 2055 2055
f 2055 2056 2056
f 2056 2057 2057
f 2057 2058 2058
f 2058 2059 2059
f 2060 2061 2061
f 2061 2062 2062
f 2062 2063 2063
f 2063 2064 2064
f 2064 2065 2065
f 2065 2066 2066
f 2066 2067 2067
f 2067 2068 2068
f 2068 2069 2069
f 2069 2070 2070
f 2070 2071 2071
f 2071 2072 2072
f 2072 2073 2073
f 2073 2074 2074
f 2074 2075 2075
f 2075 2076 2076
f 2076 2077 2077
f 2077 2078 2078
f 2078 2079 2079
f 2079 2080 2080
f 2080 2081 2081
f 2081 2082 2082
f 2082 2083 2083
f 2083 2084 2084
f 2084 2085 2085
f 2085 2086 2086
f 2087 2088 2088
f 2088 2089 2089
f 2090 2091 2091
f 2091 2092 2092
f 2092 2093 2093
f 2093 2094 2094
f 2094 2095 2095
f 2095 2096 2096
f 2096 2097 2097
f 2097 2098 2098
f 2098 2099 2099
f 2099 2100 2100
f 2100 2101 2101
f 2101 2102 2102
f 2102 2103 2103
f 2103 2104 2104
f 2104 2105 2105
f 2105 2106 2106
f 2106 2107 2107
f 2107 2108 2108
f 2108 2109 2109
f 2109 2110 2110
f 2110 2111 2111
f 2111 2112 2112
f 2112 2113 2113
f 2113 2114 2114
f 2114 2115 2115
f 2115 2116 2116
f 2116 2117 2117
f 2117 2118 2118
f 2119 2120 2120
f 2120 2121 2121
f 2122 2123 2123
f 2123 2124 2124
f 2125 2126 2126
f 2126 2127 2127
f 2127 2128 2128
f 2128 2129 2129
f 2129 2130 2130
f 2130 2131 2131
f 2131 2132 2132
f 2132 2133 2133
f 2133 2134 2134
f 2135 2136 2136
f 2136 2137 2137
f 2137 2138 2138
f 2138 2139 2139
f 2139 2140 2140
f 2140 2141 2141
f 2141 2142 2142
f 2142 2143 2143
f 2143 2144 2144
f 2145 2146 2146
f 2146 2147 2147
f 2147 2148 2148
f 2148 2149 2149
f 2149 2150 2150
f 2150 2151 2151
f 2151 2152 2152
f 2152 2153 2153
f 2153 2154 2154
f 2154 2155 2155
f 2155 2156 2156
f 2156 2157 2157
f 2158 2159 2159
f 2159 2160 2160
f 2160 2161 2161
f 2161 2162 2162
f 2162 2163 2163
f 2163 2164 2164
f 2164 2165 2165
f 2165 2166 2166
f 2166 2167 2167
f 2167 2168 2168
f 2169 2170 2170
f 2170 2171 2171
f 2171 2172 2172
f 2172 2173 2173
f 2173 2174 2174
f 2174 2175 2175
f 2175 2176 2176
f 2177 2178 2178
f 2178 2179 2179
f 2179 2180 2180
f 2180 2181 2181
f 2181 2182 2182
f 2182 2183 2183
f 2183 2184 2184
f 2185 2186 2186
f 2186 2187 2187
f 2188 2189 2189
f 2189 2190 2190
f 2190 2191 2191
f 2192 2193 2193
f 2193 2194 2194
f 2195 2196 2196
f 2196 2197 2197
f 2198 2199 2199
f 2199 2200 2200
f 2200 2201 2201
f 2201 2202 2202
f 2202 2203 2203
f 2203 2204 2204
f 2204 2205 2205
f 2205 2206 2206
f 2206 2207 2207
f 2207 2208 2208
f 2208 2209 2209
f 2209 2210 2210
f 2210 2211 2211
f 2211 2212 2212
f 2212 2213 2213
f 2213 2214 2214
f 2214 2215 2215
f 2215 2216 2216
f 2216 2217 2217
f 2217 2218 2218
f 2218 2219 2219
f 2219 2220 2220
f 2220 2221 2221
f 2221 2222 2222
f 2222 2223 2223
f 2223 2224 2224
f 2224 2225 2225
f 2225 2226 2226
f 2226 2227 2227
f 2227 2228 2228
f 2228 2229 2229
f 2229 2230 2230
f 2230 2231 2231
f 2231 2232 2232
f 2232 2233 2233
f 2233 2234 2234
f 2234 2235 2235
f 2235 2236 2236
f 2236 2237 2237
f 2237 2238 2238
f 2238 2239 2239
f 2239 2240 2240
f 2240 2241 2241
f 2241 2242 2242
f 2242 2243 2243
f 2243 2244 2244
f 2244 2245 2245
f 2245 2246 2246
f 2246 2247 2247
f 2247 2248 2248
f 2248 2249 2249
f 2249 2250 2250
f 2250 2251 2251
f 2251 2252 2252
f 2252 2253 2253
f 2253 2254 2254
f 2254 2255 2255
f 2255 2256 2256
f 2256 2257 2257
f 2257 2258 2258
f 2258 2259 2259
f 2259 2260 2260
f 2260 2261 2261
f 2261 2262 2262
f 2262 2263 2263
f 2263 2264 2264
f 2264 2265 2265
f 2265 2266 2266
f 2266 2267 2267
f 2267 2268 2268
f 2268 2269 2269
f 2269 2270 2270
f 2270 2271 2271
f 2271 2272 2272
f 2272 2273 2273
f 2273 2274 2274
f 2274 2275 2275
f 2275 2276 2276
f 2276 2277 2277
f 2277 2278 2278
f 2278 2279 2279
f 2279 2280 2280
f 2280 2281 2281
f 2281 2282 2282
f 2282 2283 2283
f 2283 2284 2284
f 2285 2286 2286
f 2286 2287 2287
f 2287 2288 2288
f 2288 2289 2289
f 2289 2290 2290
f 2290 2291 2291
f 2291 2292 2292
f 2292 2293 2293
f 2293 2294 2294
f 2294 2295 2295
f 2295 2296 2296
f 2296 2297 2297
f 2297 2298 2298
f 2298 2299 2299
f 2299 2300 2300
f 2300 2301 2301
f 2301 2302 2302
f 2302 2303 2303
f 2303 2304 2304
f 2304 2305 2305
f 2305 2306 2306
f 2306 2307 2307
f 2307 2308 2308
f 2308 2309 2309
f 2309 2310 2310
f 2310 2311 2311
f 2311 2312 2312
f 2312 2313 2313
f 2313 2314 2314
f 2314 2315 2315
f 2315 2316 2316
f 2316 2317 2317
f 2317 2318 2318
f 2318 2319 2319
f 2319 2320 2320
f 2320 2321 2321
f 2321 2322 2322
f 2322 2323 2323
f 2323 2324 2324
f 2324 2325 2325
f 2325 2326 2326
f 2326 2327 2327
f 2327 2328 2328
f 2328 2329 2329
f 2329 2330 2330
f 2330 2331 2331
f 2331 2332 2332
f 2332 2333 2333
f 2333 2334 2334
f 2334 2335 2335
f 2335 2336 2336
f 2336 2337 2337
f 2337 2338 2338
f 2338 2339 2339
f 2339 2340 2340
f 2340 2341 2341
f 2341 2342 2342
f 2342 2343 2343
f 2343 2344 2344
f 2345 2346 2346
f 2346 2347 2347
f 2347 2348 2348
f 2348 2349 2349
f 2349 2350 2350
f 2350 2351 2351
f 2351 2352 2352
f 2352 2353 2353
f 2353 2354 2354
f 2354 2355 2355
f 2355 2356 2356
f 2356 2357 2357
f 2357 2358 2358
f 2358 2359 2359
f 2359 2360 2360
f 2360 2361 2361
f 2361 2362 2362
f 2362 2363 2363
f 2363 2364 2364
f 2364 2365 2365
f 2365 2366 2366
f 2366 2367 2367
f 2367 2368 2368
f 2368 2369 2369
f 2369 2370 2370
f 2370 2371 2371
f 2371 2372 2372
f 2372 2373 2373
f 2373 2374 2374
f 2374 2375 2375
f 2375 2376 2376
f 2376 2377 2377
f 2377 2378 2378
f 2378 2379 2379
f 2379 2380 2380
f 2380 2381 2381
f 2381 2382 2382
f 2382 2383 2383
f 2383 2384 2384
f 2384 2385 2385
f 2385 2386 2386
f 2386 2387 2387
f 2387 2388 2388
f 2388 2389 2389
f 2389 2390 2390
f 2390 2391 2391
f 2391 2392 2392
f 2392 2393 2393
f 2393 2394 2394
f 2394 2395 2395
f 2395 2396 2396
f 2396 2397 2397
f 2397 2398 2398
f 2398 2399 2399
f 2399 2400 2400
f 2400 2401 2401
f 2401 2402 2402
f 2402 2403 2403
f 2403 2404 2404
f 2404 2405 2405
f 2405 2406 2406
f 2407 2408 2408
f 2408 2409 2409
f 2410 2411 2411
f 2411 2412 2412
f 2413 2414 2414
f 2414 2415 2415
f 2416 2417 2417
f 2417 2418 2418
f 2419 2420 2420
f 2420 2421 2421
f 2422 2423 2423
f 2423 2424 2424
f 2424 2425 2425
f 2425 2426 2426
f 2426 2427 2427
f 2427 2428 2428
f 2428 2429 2429
f 2429 2430 2430
f 2430 2431 2431
f 2431 2432 2432
f 2432 2433 2433
f 2433 2434 2434
f 2434 2435 2435
f 2435 2436 2436
f 2436 2437 2437
f 2437 2438 2438
f 2438 2439 2439
f 2439 2440 2440
f 2440 2441 2441
f 2441 2442 2442
f 2442 2443 2443
f 2443 2444 2444
f 2444 2445 2445
f 2445 2446 2446
f 2446 2447 2447
f 2447 2448 2448
f 2448 2449 2449
f 2449 2450 2450
f 2450 2451 2451
f 2451 2452 2452
f 2452 2453 2453
f 2453 2454 2454
f 2454 2455 2455
f 2455 2456 2456
f 2456 2457 2457
f 2457 2458 2458
f 2458 2459 2459
f 2459 2460 2460
f 2460 2461 2461
f 2461 2462 2462
f 2462 2463 2463
f 2463 2464 2464
f 2464 2465 2465
f 2465 2466 2466
f 2466 2467 2467
f 2467 2468 2468
f 2468 2469 2469
f 2469 2470 2470
f 2470 2471 2471
f 2472 2473 2473
f 2473 2474 2474
f 2474 2475 2475
f 2475 2476 2476
f 2476 2477 2477
f 2477 2478 2478
f 2478 2479 2479
f 2479 2480 2480
f 2480 2481 2481
f 2481 2482 2482
f 2482 2483 2483
f 2483 2484 2484
f 2484 2485 2485
f 2485 2486 2486
f 2486 2487 2487
f 2487 2488 2488
f 2488 2489 2489
f 2489 2490 2490
f 2490 2491 2491
f 2491 2492 2492
f 2492 2493 2493
f 2493 2494 2494
f 2494 2495 2495
f 2495 2496 2496
f 2496 2497 2497
f 2497 2498 2498
f 2498 2499 2499
f 2500 2501 2501
f 2501 2502 2502
f 2502 2503 2503
f 2503 2504 2504
f 2504 2505 2505
f 2505 2506 2506
f 2506 2507 2507
f 2507 2508 2508
f 2508 2509 2509
f 2509 2510 2510
f 2510 2511 2511
f 2511 2512 2512
f 2512 2513 2513
f 2513 2514 2514
f 2514 2515 2515
f 2515 2516 2516
f 2516 2517 2517
f 2517 2518 2518
f 2518 2519 2519
f 2519 2520 2520
f 2520 2521 2521
f 2521 2522 2522
f 2522 2523 2523
f 2523 2524 2524
f 2524 2525 2525
f 2525 2526 2526
f 2526 2527 2527
f 2527 2528 2528
f 2528 2529 2529
f 2529 2530 2530
f 2531 2532 2532
f 2532 2533 2533
f 2534 2535 2535
f 2535 2536 2536
f 2537 2538 2538
f 2538 2539 2539
f 2540 2541 2541
f 2541 2542 2542
f 2543 2544 2544
f 2544 2545 2545
f 2546 2547 2547
f 2547 2548 2548
f 2549 2550 2550
f 2550 2551 2551
f 2552 2553 2553
f 2553 2554 2554
f 2555 2556 2556
f 2556 2557 2557
f 2558 2559 2559
f 2559 2560 2560
f 2561 2562 2562
f 2562 2563 2563
f 2564 2565 2565
f 2565 2566 2566
f 2567 2568 2568
f 2568 2569 2569
f 2570 2571 2571
f 2571 2572 2572
f 2573 2574 2574
f 2574 2575 2575
f 2576 2577 2577
f 2577 2578 2578
f 2579 2580 2580
f 2580 2581 2581
f 2582 2583 2583
f 2583 2584 2584
f 2585 2586 2586
f 2586 2587 2587
f 2588 2589 2589
f 2589 2590 2590
f 2591 2592 2592
f 2592 2593 2593
f 2594 2595 2595
f 2595 2596 2596
f 2597 2598 2598
f 2598 2599 2599
f 2600 2601 2601
f 2601 2602 2602
f 2603 2604 2604
f 2604 2605 2605
f 2606 2607 2607
f 2607 2608 2608
f 2609 2610 2610
f 2610 2611 2611
f 2612 2613 2613
f 2613 2614 2614
f 2615 2616 2616
f 2616 2617 2617
f 2618 2619 2619
f 2619 2620 2620
f 2621 2622 2622
f 2622 2623 2623
f 2624 2625 2625
f 2625 2626 2626
f 2627 2628 2628
f 2628 2629 2629
f 2630 2631 2631
f 2631 2632 2632
f 2633 2634 2634
f 2634 2635 2635
f 2636 2637 2637
f 2637 2638 2638
f 2639 2640 2640
f 2640 2641 2641
f 2642 2643 2643
f 2643 2644 2644
f 2645 2646 2646
f 2646 2647 2647
f 2648 2649 2649
f 2649 2650 2650
f 2651 2652 2652
f 2652 2653 2653
f 2653 2654 2654
f 2654 2655 2655
f 2655 2656 2656
f 2656 2657 2657
f 2657 2658 2658
f 2658 2659 2659
f 2659 2660 2660
f 2660 2661 2661
f 2661 2662 2662
f 2662 2663 2663
f 2663 2664 2664
f 2664 2665 2665
f 2665 2666 2666
f 2666 2667 2667
f 2667 2668 2668
f 2668 2669 2669
f 2669 2670 2670
f 2670 2671 2671
f 2671 2672 2672
f 2672 2673 2673
f 2673 2674 2674
f 2674 2675 2675
f 2675 2676 2676
f 2676 2677 2677
f 2677 2678 2678
f 2678 2679 2679
f 2679 2680 2680
f 2680 2681 2681
f 2681 2682 2682
f 2682 2683 2683
f 2683 2684 2684
f 2684 2685 2685
f 2685 2686 2686
f 2686 2687 2687
f 2687 2688 2688
f 2688 2689 2689
f 2689 2690 2690
f 2690 2691 2691
f 2691 2692 2692
f 2692 2693 2693
f 2693 2694 2694
f 2694 2695 2695
f 2695 2696 2696
f 2696 2697 2697
f 2697 2698 2698
f 2698 2699 2699
f 2699 2700 2700
f 2700 2701 2701
f 2701 2702 2702
f 2702 2703 2703
f 2703 2704 2704
f 2704 2705 2705
f 2705 2706 2706
f 2706 2707 2707
f 2707 2708 2708
f 2708 2709 2709
f 2709 2710 2710
f 2710 2711 2711
f 2711 2712 2712
f 2712 2713 2713
f 2713 2714 2714
f 2714 2715 2715
f 2715 2716 2716
f 2716 2717 2717
f 2717 2718 2718
f 2718 2719 2719
f 2719 2720 2720
f 2720 2721 2721
f 2721 2722 2722
f 2722 2723 2723
f 2723 2724 2724
f 2724 2725 2725
f 2725 2726 2726
f 2726 2727 2727
f 2727 2728 2728
f 2728 2729 2729
f 2729 2730 2730
f 2730 2731 2731
f 2731 2732 2732
f 2732 2733 2733
f 2733 2734 2734
f 2734 2735 2735
f 2735 2736 2736
f 2736 2737 2737
f 2737 2738 2738
f 2738 2739 2739
f 2739 2740 2740
f 2740 2741 2741
f 2741 2742 2742
f 2742 2743 2743
f 2743 2744 2744
f 2744 2745 2745
f 2745 2746 2746
f 2746 2747 2747
f 2747 2748 2748
f 2748 2749 2749
f 2749 2750 2750
f 2750 2751 2751
f 2751 2752 2752
f 2752 2753 2753
f 2753 2754 2754
f 2754 2755 2755
f 2755 2756 2756
f 2756 2757 2757
f 2758 2759 2759
f 2759 2760 2760
f 2760 2761 2761
f 2761 2762 2762
f 2762 2763 2763
f 2763 2764 2764
f 2764 2765 2765
f 2765 2766 2766
f 2766 2767 2767
f 2767 2768 2768
f 2768 2769 2769
f 2769 2770 2770
f 2770 2771 2771
f 2771 2772 2772
f 2772 2773 2773
f 2773 2774 2774
f 2774 2775 2775
f 2775 2776 2776
f 2776 2777 2777
f 2777 2778 2778
f 2778 2779 2779
f 2779 2780 2780
f 2780 2781 2781
f 2781 2782 2782
f 2782 2783 2783
f 2783 2784 2784
f 2784 2785 2785
f 2785 2786 2786
f 2786 2787 2787
f 2787 2788 2788
f 2788 2789 2789
f 2789 2790 2790
f 2790 2791 2791
f 2791 2792 2792
f 2792 2793 2793
f 2793 2794 2794
f 2794 2795 2795
f 2795 2796 2796
f 2796 2797 2797
f 2797 2798 2798
f 2798 2799 2799
f 2799 2800 2800
f 2800 2801 2801
f 2801 2802 2802
f 2802 2803 2803
f 2803 2804 2804
f 2804 2805 2805
f 2805 2806 2806
f 2806 2807 2807
f 2807 2808 2808
f 2808 2809 2809
f 2809 2810 2810
f 2810 2811 2811
f 2811 2812 2812
f 2812 2813 2813
f 2813 2814 2814
f 2814 2815 2815
f 2815 2816 2816
f 2816 2817 2817
f 2817 2818 2818
f 2818 2819 2819
f 2819 2820 2820
f 2820 2821 2821
f 2821 2822 2822
f 2822 2823 2823
f 2823 2824 2824
f 2824 2825 2825
f 2825 2826 2826
f 2826 2827 2827
f 2827 2828 2828
f 2828 2829 2829
f 2829 2830 2830
f 2830 2831 2831
f 2831 2832 2832
f 2832 2833 2833
f 2833 2834 2834
f 2834 2835 2835
f 2835 2836 2836
f 2836 2837 2837
f 2837 2838 2838
f 2838 2839 2839
f 2839 2840 2840
f 2840 2841 2841
f 2841 2842 2842
f 2842 2843 2843
f 2843 2844 2844
f 2844 2845 2845
f 2845 2846 2846
f 2846 2847 2847
f 2847 2848 2848
f 2848 2849 2849
f 2849 2850 2850
f 2850 2851 2851
f 2851 2852 2852
f 2852 2853 2853
f 2853 2854 2854
f 2854 2855 2855
f 2855 2856 2856
f 2856 2857 2857
f 2857 2858 2858
f 2858 2859 2859
f 2859 2860 2860
f 2860 2861 2861
f 2861 2862 2862
f 2862 2863 2863
f 2863 2864 2864
f 2864 2865 2865
f 2865 2866 2866
f 2866 2867 2867
f 2867 2868 2868
f 2868 2869 2869
f 2869 2870 2870
f 2870 2871 2871
f 2871 2872 2872
f 2872 2873 2873
f 2873 2874 2874
f 2874 2875 2875
f 2875 2876 2876
f 2876 2877 2877
f 2877 2878 2878
f 2878 2879 2879
f 2879 2880 2880
f 2880 2881 2881
f 2881 2882 2882
f 2882 2883 2883
f 2883 2884 2884
f 2884 2885 2885
f 2885 2886 2886
f 2886 2887 2887
f 2887 2888 2888
f 2888 2889 2889
f 2889 2890 2890
f 2890 2891 2891
f 2891 2892 2892
f 2892 2893 2893
f 2893 2894 2894
f 2894 2895 2895
f 2895 2896 2896
f 2896 2897 2897
f 2897 2898 2898
f 2898 2899 2899
f 2899 2900 2900
f 2900 2901 2901
f 2901 2902 2902
f 2902 2903 2903
f 2903 2904 2904
f 2904 2905 2905
f 2905 2906 2906
f 2906 2907 2907
f 2907 2908 2908
f 2908 2909 2909
f 2909 2910 2910
f 2910 2911 2911
f 2911 2912 2912
f 2912 2913 2913
f 2913 2914 2914
f 2914 2915 2915
f 2915 2916 2916
f 2916 2917 2917
f 2917 2918 2918
f 2918 2919 2919
f 2919 2920 2920
f 2920 2921 2921
f 2921 2922 2922
f 2922 2923 2923
f 2923 2924 2924
f 2925 2926 2926
f 2926 2927 2927
f 2928 2929 2929
f 2929 2930 2930
f 2931 2932 2932
f 2932 2933 2933
f 2934 2935 2935
f 2935 2936 2936
f 2937 2938 2938
f 2938 2939 2939
f 2940 2941 2941
f 2941 2942 2942
f 2942 2943 2943
f 2943 2944 2944
f 2944 2945 2945
f 2945 2946 2946
f 2946 2947 2947
f 2947 2948 2948
f 2948 2949 2949
f 2950 2951 2951
f 2951 2952 2952
f 2952 2953 2953
f 2953 2954 2954
f 2954 2955 2955
f 2955 2956 2956
f 2956 2957 2957
f 2957 2958 2958
f 2958 2959 2959
f 2960 2961 2961
f 2961 2962 2962
f 2962 2963 2963
f 2964 2965 2965
f 2965 2966 2966
f 2967 2968 2968
f 2968 2969 2969
f 2969 2970 2970
f 2970 2971 2971
f 2971 2972 2972
f 2972 2973 2973
f 2973 2974 2974
f 2974 2975 2975
f 2976 2977 2977
f 2977 2978 2978
f 2978 2979 2979
f 2979 2980 2980
f 2981 2982 2982
f 2982 2983 2983
f 2984 2985 2985
f 2985 2986 2986
f 2987 2988 2988
f 2988 2989 2989
f 2990 2991 2991
f 2991 2992 2992
f 2992 2993 2993
f 2993 2994 2994
f 2994 2995 2995
f 2995 2996 2996
f 2996 2997 2997
f 2997 2998 2998
f 2998 2999 2999
f 2999 3000 3000
f 3000 3001 3001
f 3001 3002 3002
f 3003 3004 3004
f 3004 3005 3005
f 3005 3006 3006
f 3006 3007 3007
f 3007 3008 3008
f 3008 3009 3009
f 3009 3010 3010
f 3010 3011 3011
f 3011 3012 3012
f 3012 3013 3013
f 3014 3015 3015
f 3015 3016 3016
f 3017 3018 3018
f 3018 3019 3019
f 3020 3021 3021
f 3021 3022 3022
f 3023 3024 3024
f 3024 3025 3025
f 3026 3027 3027
f 3027 3028 3028
f 3028 3029 3029
f 3029 3030 3030
f 3030 3031 3031
f 3031 3032 3032
f 3032 3033 3033
f 3033 3034 3034
f 3035 3036 3036
f 3036 3037 3037
f 3037 3038 3038
f 3038 3039 3039
f 3039 3040 3040
f 3040 3041 3041
f 3041 3042 3042
f 3042 3043 3043
f 3043 3044 3044
f 3045 3046 3046
f 3046 3047 3047
f 3047 3048 3048
f 3048 3049 3049
f 3049 3050 3050
f 3050 3051 3051
f 3051 3052 3052
f 3052 3053 3053
f 3054 3055 3055
f 3055 3056 3056
f 3056 3057 3057
f 3057 3058 3058
f 3058 3059 3059
f 3059 3060 3060
f 3060 3061 3061
f 3061 3062 3062
f 3063 3064 3064
f 3064 3065 3065
f 3065 3066 3066
f 3066 3067 3067
f 3067 3068 3068
f 3069 3070 3070
f 3070 3071 3071
f 3072 3073 3073
f 3073 3074 3074
f 3075 3076 3076
f 3076 3077 3077
f 3078 3079 3079
f 3079 3080 3080
f 3080 3081 3081
f 3082 3083 3083
f 3083 3084 3084
f 3084 3085 3085
f 3085 3086 3086
f 3086 3087 3087
f 3087 3088 3088
f 3088 3089 3089
f 3089 3090 3090
f 3090 3091 3091
f 3091 3092 3092
f 3092 3093 3093
f 3093 3094 3094
f 3094 3095 3095
f 3095 3096 3096
f 3096 3097 3097
f 3097 3098 3098
f 3098 3099 3099
f 3099 3100 3100
f 3100 3101 3101
f 3101 3102 3102
f 3102 3103 3103
f 3103 3104 3104
f 3104 3105 3105
f 3105 3106 3106
f 3106 3107 3107
f 3107 3108 3108
f 3108 3109 3109
f 3109 3110 3110
f 3110 3111 3111
f 3111 3112 3112
f 3112 3113 3113
f 3113 3114 3114
f 3114 3115 3115
f 3115 3116 3116
f 3116 3117 3117
f 3117 3118 3118
f 3118 3119 3119
f 3119 3120 3120
f 3120 3121 3121
f 3121 3122 3122
f 3122 3123 3123
f 3123 3124 3124
f 3124 3125 3125
f 3125 3126 3126
f 3126 3127 3127
f 3127 3128 3128
f 3128 3129 3129
f 3129 3130 3130
f 3130 3131 3131
f 3131 3132 3132
f 3132 3133 3133
f 3133 3134 3134
f 3134 3135 3135
f 3135 3136 3136
f 3136 3137 3137
f 3137 3138 3138
f 3138 3139 3139
f 3139 3140 3140
f 3140 3141 3141
f 3141 3142 3142
f 3142 3143 3143
f 3143 3144 3144
f 3144 3145 3145
f 3145 3146 3146
f 3146 3147 3147
f 3147 3148 3148
f 3148 3149 3149
f 3149 3150 3150
f 3150 3151 3151
f 3151 3152 3152
f 3152 3153 3153
f 3153 3154 3154
f 3154 3155 3155
f 3155 3156 3156
f 3156 3157 3157
f 3157 3158 3158
f 3158 3159 3159
f 3159 3160 3160
f 3160 3161 3161
f 3161 3162 3162
f 3162 3163 3163
f 3163 3164 3164
f 3164 3165 3165
f 3165 3166 3166
f 3166 3167 3167
f 3167 3168 3168
f 3168 3169 3169
f 3169 3170 3170
f 3170 3171 3171
f 3171 3172 3172
f 3172 3173 3173
f 3173 3174 3174
f 3174 3175 3175
f 3175 3176 3176
f 3176 3177 3177
f 3177 3178 3178
f 3178 3179 3179
f 3179 3180 3180
f 3180 3181 3181
f 3181 3182 3182
f 3182 3183 3183
f 3183 3184 3184
f 3184 3185 3185
f 3185 3186 3186
f 3186 3187 3187
f 3187 3188 3188
f 3188 3189 3189
f 3189 3190 3190
f 3190 3191 3191
f 3191 3192 3192
f 3192 3193 3193
f 3193 3194 3194
f 3194 3195 3195
f 3195 3196 3196
f 3196 3197 3197
f 3197 3198 3198
f 3198 3199 3199
f 3199 3200 3200
f 3200 3201 3201
f 3201 3202 3202
f 3202 3203 3203
f 3203 3204 3204
f 3204 3205 3205
f 3205 3206 3206
f 3206 3207 3207
f 3207 3208 3208
f 3208 3209 3209
f 3209 3210 3210
f 3210 3211 3211
f 3211 3212 3212
f 3212 3213 3213
f 3213 3214 3214
f 3214 3215 3215
f 3215 3216 3216
f 3216 3217 3217
f 3217 3218 3218
f 3218 3219 3219
f 3219 3220 3220
f 3220 3221 3221
f 3221 3222 3222
f 3222 3223 3223
f 3223 3224 3224
f 3224 3225 3225
f 3225 3226 3226
f 3226 3227 3227
f 3227 3228 3228
f 3228 3229 3229
f 3229 3230 3230
f 3230 3231 3231
f 3231 3232 3232
f 3232 3233 3233
f 3234 3235 3235
f 3235 3236 3236
f 3237 3238 3238
f 3238 3239 3239
f 3240 3241 3241
f 3241 3242 3242
f 3243 3244 3244
f 3244 3245 3245
f 3245 3246 3246
f 3246 3247 3247
f 3247 3248 3248
f 3248 3249 3249
f 3249 3250 3250
f 3250 3251 3251
f 3251 3252 3252
f 3252 3253 3253
f 3254 3255 3255
f 3255 3256 3256
f 3256 3257 3257
f 3257 3258 3258
f 3258 3259 3259
f 3259 3260 3260
f 3260 3261 3261
f 3261 3262 3262
f 3262 3263 3263
f 3264 3265 3265
f 3265 3266 3266
f 3266 3267 3267
f 3267 3268 3268
f 3268 3269 3269
f 3269 3270 3270
f 3270 3271 3271
f 3271 3272 3272
f 3272 3273 3273
f 3273 3274 3274
f 3274 3275 3275
f 3275 3276 3276
f 3276 3277 3277
f 3277 3278 3278
f 3278 3279 3279
f 3279 3280 3280
f 3280 3281 3281
f 3281 3282 3282
f 3282 3283 3283
f 3283 3284 3284
f 3284 3285 3285
f 3285 3286 3286
f 3286 3287 3287
f 3287 3288 3288
f 3288 3289 3289
f 3289 3290 3290
f 3290 3291 3291
f 3291 3292 3292
f 3292 3293 3293
f 3293 3294 3294
f 3294 3295 3295
f 3295 3296 3296
f 3296 3297 3297
f 3297 3298 3298
f 3298 3299 3299
f 3299 3300 3300
f 3300 3301 3301
f 3301 3302 3302
f 3302 3303 3303
f 3303 3304 3304
f 3304 3305 3305
f 3305 3306 3306
f 3306 3307 3307
f 3307 3308 3308
f 3308 3309 3309
f 3309 3310 3310
f 3310 3311 3311
f 3311 3312 3312
f 3312 3313 3313
f 3313 3314 3314
f 3314 3315 3315
f 3315 3316 3316
f 3316 3317 3317
f 3317 3318 3318
f 3318 3319 3319
f 3319 3320 3320
f 3320 3321 3321
f 3321 3322 3322
f 3322 3323 3323
f 3323 3324 3324
f 3324 3325 3325
f 3325 3326 3326
f 3326 3327 3327
f 3328 3329 3329
f 3329 3330 3330
f 3330 3331 3331
f 3331 3332 3332
f 3332 3333 3333
f 3333 3334 3334
f 3334 3335 3335
f 3335 3336 3336
f 3336 3337 3337
f 3337 3338 3338
f 3338 3339 3339
f 3339 3340 3340
f 3340 3341 3341
f 3341 3342 3342
f 3342 3343 3343
f 3343 3344 3344
f 3344 3345 3345
f 3345 3346 3346
f 3346 3347 3347
f 3347 3348 3348
f 3348 3349 3349
f 3349 3350 3350
f 3350 3351 3351
f 3351 3352 3352
f 3352 3353 3353
f 3353 3354 3354
f 3354 3355 3355
f 3355 3356 3356
f 3356 3357 3357
f 3357 3358 3358
f 3358 3359 3359
f 3359 3360 3360
f 3360 3361 3361
f 3361 3362 3362
f 3362 3363 3363
f 3363 3364 3364
f 3364 3365 3365
f 3365 3366 3366
f 3366 3367 3367
f 3367 3368 3368
f 3368 3369 3369
f 3369 3370 3370
f 3370 3371 3371
f 3371 3372 3372
f 3372 3373 3373
f 3373 3374 3374
f 3374 3375 3375
f 3375 3376 3376
f 3376 3377 3377
f 3377 3378 3378
f 3378 3379 3379
f 3379 3380 3380
f 3380 3381 3381
f 3381 3382 3382
f 3382 3383 3383
f 3383 3384 3384
f 3384 3385 3385
f 3385 3386 3386
f 3386 3387 3387
f 3387 3388 3388
f 3389 3390 3390
f 3390 3391 3391
f 3392 3393 3393
f 3393 3394 3394
f 3394 3395 3395
f 3396 3397 3397
f 3397 3398 3398
f 3398 3399 3399
f 3400 3401 3401
f 3401 3402 3402
f 3402 3403 3403
f 3403 3404 3404
f 3404 3405 3405
f 3405 3406 3406
f 3406 3407 3407
f 3407 3408 3408
f 3408 3409 3409
f 3409 3410 3410
f 3411 3412 3412
f 3412 3413 3413
f 3413 3414 3414
f 3414 3415 3415
f 3415 3416 3416
f 3416 3417 3417
f 3417 3418 3418
f 3418 3419 3419
f 3419 3420 3420
f 3421 3422 3422
f 3422 3423 3423
f 3423 3424 3424
f 3424 3425 3425
f 3425 3426 3426
f 3426 3427 3427
f 3427 3428 3428
f 3428 3429 3429
f 3429 3430 3430
f 3430 3431 3431
f 3432 3433 3433
f 3433 3434 3434
f 3434 3435 3435
f 3435 3436 3436
f 3436 3437 3437
f 3437 3438 3438
f 3438 3439 3439
f 3439 3440 3440
f 3440 3441 3441
f 3441 3442 3442
f 3443 3444 3444
f 3444 3445 3445
f 3446 3447 3447
f 3447 3448 3448
f 3449 3450 3450
f 3450 3451 3451
f 3452 3453 3453
f 3453 3454 3454
f 3454 3455 3455
f 3455 3456 3456
f 3456 3457 3457
f 3457 3458 3458
f 3459 3460 3460
f 3460 3461 3461
f 3461 3462 3462
f 3462 3463 3463
f 3463 3464 3464
f 3464 3465 3465
f 3465 3466 3466
f 3466 3467 3467
f 3467 3468 3468
f 3468 3469 3469
f 3469 3470 3470
f 3470 3471 3471
f 3471 3472 3472
f 3472 3473 3473
f 3473 3474 3474
f 3474 3475 3475
f 3476 3477 3477
f 3477 3478 3478
f 3478 3479 3479
f 3479 3480 3480
f 3480 3481 3481
f 3481 3482 3482
f 3482 3483 3483
f 3483 3484 3484
f 3484 3485 3485
f 3485 3486 3486
f 3486 3487 3487
f 3487 3488 3488
f 3488 3489 3489
f 3489 3490 3490
f 3491 3492 3492
f 3492 3493 3493
f 3493 3494 3494
f 3494 3495 3495
f 3495 3496 3496
f 3496 3497 3497
f 3497 3498 3498
f 3498 3499 3499
f 3499 3500 3500
f 3500 3501 3501
f 3501 3502 3502
f 3502 3503 3503
f 3503 3504 3504
f 3504 3505 3505
f 3505 3506 3506
f 3506 3507 3507
f 3507 3508 3508
f 3508 3509 3509
f 3509 3510 3510
f 3510 3511 3511
f 3511 3512 3512
f 3512 3513 3513
f 3513 3514 3514
f 3514 3515 3515
f 3515 3516 3516
f 3516 3517 3517
f 3517 3518 3518
f 3518 3519 3519
f 3519 3520 3520
f 3521 3522 3522
f 3522 3523 3523
f 3523 3524 3524
f 3524 3525 3525
f 3525 3526 3526
f 3526 3527 3527
f 3527 3528 3528
f 3528 3529 3529
f 3529 3530 3530
f 3530 3531 3531
f 3531 3532 3532
f 3532 3533 3533
f 3533 3534 3534
f 3534 3535 3535
f 3535 3536 3536
f 3536 3537 3537
f 3538 3539 3539
f 3539 3540 3540
f 3540 3541 3541
f 3541 3542 3542
f 3542 3543 3543
f 3543 3544 3544
f 3544 3545 3545
f 3545 3546 3546
f 3546 3547 3547
f 3547 3548 3548
f 3548 3549 3549
f 3549 3550 3550
f 3550 3551 3551
f 3551 3552 3552
f 3552 3553 3553
f 3553 3554 3554
f 3554 3555 3555
f 3555 3556 3556
f 3556 3557 3557
f 3557 3558 3558
f 3558 3559 3559
f 3559 3560 3560
f 3560 3561 3561
f 3561 3562 3562
f 3562 3563 3563
f 3563 3564 3564
f 3564 3565 3565
f 3565 3566 3566
f 3566 3567 3567
f 3567 3568 3568
f 3568 3569 3569
f 3570 3571 3571
f 3571 3572 3572
f 3572 3573 3573
f 3573 3574 3574
f 3574 3575 3575
f 3575 3576 3576
f 3576 3577 3577
f 3577 3578 3578
f 3578 3579 3579
f 3579 3580 3580
f 3580 3581 3581
f 3581 3582 3582
f 3582 3583 3583
f 3583 3584 3584
f 3584 3585 3585
f 3585 3586 3586
f 3586 3587 3587
f 3588 3589 3589
f 3589 3590 3590
f 3590 3591 3591
f 3591 3592 3592
f 3592 3593 3593
f 3593 3594 3594
f 3594 3595 3595
f 3595 3596 3596
f 3596 3597 3597
f 3597 3598 3598
f 3598 3599 3599
f 3599 3600 3600
f 3600 3601 3601
f 3601 3602 3602
f 3602 3603 3603
f 3604 3605 3605
f 3605 3606 3606
f 3606 3607 3607
f 3607 3608 3608
f 3608 3609 3609
f 3609 3610 3610
f 3610 3611 3611
f 3611 3612 3612
f 3612 3613 3613
f 3613 3614 3614
f 3614 3615 3615
f 3615 3616 3616
f 3616 3617 3617
f 3617 3618 3618
f 3618 3619 3619
f 3620 3621 3621
f 3621 3622 3622
f 3622 3623 3623
f 3623 3624 3624
f 3624 3625 3625
f 3625 3626 3626
f 3626 3627 3627
f 3627 3628 3628
f 3628 3629 3629
f 3629 3630 3630
f 3630 3631 3631
f 3631 3632 3632
f 3632 3633 3633
f 3633 3634 3634
f 3634 3635 3635
f 3635 3636 3636
f 3636 3637 3637
f 3637 3638 3638
f 3638 3639 3639
f 3639 3640 3640
f 3640 3641 3641
f 3641 3642 3642
f 3642 3643 3643
f 3643 3644 3644
f 3644 3645 3645
f 3645 3646 3646
f 3646 3647 3647
f 3648 3649 3649
f 3649 3650 3650
f 3650 3651 3651
f 3651 3652 3652
f 3652 3653 3653
f 3653 3654 3654
f 3654 3655 3655
f 3655 3656 3656
f 3656 3657 3657
f 3657 3658 3658
f 3658 3659 3659
f 3659 3660 3660
f 3660 3661 3661
f 3661 3662 3662
f 3662 3663 3663
f 3663 3664 3664
f 3665 3666 3666
f 3666 3667 3667
f 3667 3668 3668
f 3668 3669 3669
f 3669 3670 3670
f 3670 3671 3671
f 3671 3672 3672
f 3672 3673 3673
f 3673 3674 3674
f 3674 3675 3675
f 3675 3676 3676
f 3676 3677 3677
f 3677 3678 3678
f 3678 3679 3679
f 3679 3680 3680
f 3680 3681 3681
f 3681 3682 3682
f 3682 3683 3683
f 3683 3684 3684
f 3684 3685 3685
f 3685 3686 3686
f 3686 3687 3687
f 3687 3688 3688
f 3688 3689 3689
f 3689 3690 3690
f 3690 3691 3691
f 3691 3692 3692
f 3692 3693 3693
f 3693 3694 3694
f 3695 3696 3696
f 3696 3697 3697
f 3697 3698 3698
f 3698 3699 3699
f 3699 3700 3700
f 3700 3701 3701
f 3701 3702 3702
f 3702 3703 3703
f 3703 3704 3704
f 3704 3705 3705
f 3705 3706 3706
f 3706 3707 3707
f 3707 3708 3708
f 3708 3709 3709
f 3709 3710 3710
f 3710 3711 3711
f 3712 3713 3713
f 3713 3714 3714
f 3715 3716 3716
f 3716 3717 3717
f 3718 3719 3719
f 3719 3720 3720
f 3721 3722 3722
f 3722 3723 3723
f 3724 3725 3725
f 3725 3726 3726
f 3727 3728 3728
f 3728 3729 3729
f 3729 3730 3730
f 3731 3732 3732
f 3732 3733 3733
f 3734 3735 3735
f 3735 3736 3736
f 3737 3738 3738
f 3738 3739 3739
f 3740 3741 3741
f 3741 3742 3742
f 3742 3743 3743
f 3743 3744 3744
f 3744 3745 3745
f 3745 3746 3746
f 3746 3747 3747
f 3747 3748 3748
f 3748 3749 3749
f 3749 3750 3750
f 3750 3751 3751
f 3751 3752 3752
f 3752 3753 3753
f 3753 3754 3754
f 3754 3755 3755
f 3755 3756 3756
f 3756 3757 3757
f 3757 3758 3758
f 3758 3759 3759
f 3759 3760 3760
f 3760 3761 3761
f 3761 3762 3762
f 3762 3763 3763
f 3763 3764 3764
f 3764 3765 3765
f 3765 3766 3766
f 3766 3767 3767
f 3767 3768 3768
f 3768 3769 3769
f 3769 3770 3770
f 3770 3771 3771
f 3771 3772 3772
f 3772 3773 3773
f 3773 3774 3774
f 3774 3775 3775
f 3775 3776 3776
f 3776 3777 3777
f 3777 3778 3778
f 3778 3779 3779
f 3779 3780 3780
f 3780 3781 3781
f 3781 3782 3782
f 3782 3783 3783
f 3783 3784 3784
f 3784 3785 3785
f 3785 3786 3786
f 3786 3787 3787
f 3787 3788 3788
f 3788 3789 3789
f 3789 3790 3790
f 3790 3791 3791
f 3791 3792 3792
f 3792 3793 3793
f 3793 3794 3794
f 3794 3795 3795
f 3795 3796 3796
f 3796 3797 3797
f 3797 3798 3798
f 3798 3799 3799
f 3799 3800 3800
f 3800 3801 3801
f 3801 3802 3802
f 3802 3803 3803
f 3803 3804 3804
f 3804 3805 3805
f 3805 3806 3806
f 3806 3807 3807
f 3807 3808 3808
f 3808 3809 3809
f 3809 3810 3810
f 3810 3811 3811
f 3811 3812 3812
f 3812 3813 3813
f 3813 3814 3814
f 3814 3815 3815
f 3815 3816 3816
f 3816 3817 3817
f 3817 3818 3818
f 3818 3819 3819
f 3819 3820 3820
f 3820 3821 3821
f 3821 3822 3822
f 3822 3823 3823
f 3823 3824 3824
f 3824 3825 3825
f 3825 3826 3826
f 3826 3827 3827
f 3827 3828 3828
f 3828 3829 3829
f 3829 3830 3830
f 3830 3831 3831
f 3831 3832 3832
f 3832 3833 3833
f 3833 3834 3834
f 3834 3835 3835
f 3835 3836 3836
f 3836 3837 3837
f 3837 3838 3838
f 3838 3839 3839
f 3839 3840 3840
f 3840 3841 3841
f 3841 3842 3842
f 3842 3843 3843
f 3843 3844 3844
f 3844 3845 3845
f 3845 3846 3846
f 3846 3847 3847
f 3847 3848 3848
f 3848 3849 3849
f 3849 3850 3850
f 3850 3851 3851
f 3851 3852 3852
f 3852 3853 3853
f 3853 3854 3854
f 3854 3855 3855
f 3855 3856 3856
f 3856 3857 3857
f 3857 3858 3858
f 3858 3859 3859
f 3859 3860 3860
f 3860 3861 3861
f 3861 3862 3862
f 3862 3863 3863
f 3863 3864 3864
f 3864 3865 3865
f 3865 3866 3866
f 3866 3867 3867
f 3867 3868 3868
f 3868 3869 3869
f 3869 3870 3870
f 3870 3871 3871
f 3871 3872 3872
f 3872 3873 3873
f 3873 3874 3874
f 3874 3875 3875
f 3875 3876 3876
f 3876 3877 3877
f 3877 3878 3878
f 3878 3879 3879
f 3879 3880 3880
f 3880 3881 3881
f 3881 3882 3882
f 3882 3883 3883
f 3883 3884 3884
f 3884 3885 3885
f 3885 3886 3886
f 3886 3887 3887
f 3887 3888 3888
f 3888 3889 3889
f 3889 3890 3890
f 3890 3891 3891
f 3891 3892 3892
f 3892 3893 3893
f 3893 3894 3894
f 3894 3895 3895
f 3895 3896 3896
f 3896 3897 3897
f 3897 3898 3898
f 3898 3899 3899
f 3899 3900 3900
f 3900 3901 3901
f 3902 3903 3903
f 3903 3904 3904
f 3904 3905 3905
f 3905 3906 3906
f 3906 3907 3907
f 3907 3908 3908
f 3908 3909 3909
f 3909 3910 3910
f 3910 3911 3911
f 3911 3912 3912
f 3912 3913 3913
f 3913 3914 3914
f 3914 3915 3915
f 3915 3916 3916
f 3916 3917 3917
f 3917 3918 3918
f 3918 3919 3919
f 3920 3921 3921
f 3921 3922 3922
f 3922 3923 3923
f 3923 3924 3924
f 3924 3925 3925
f 3926 3927 3927
f 3927 3928 3928
f 3928 3929 3929
f 3929 3930 3930
f 3930 3931 3931
f 3932 3933 3933
f 3933 3934 3934
f 3934 3935 3935
f 3935 3936 3936
f 3936 3937 3937
f 3938 3939 3939
f 3939 3940 3940
f 3940 3941 3941
f 3941 3942 3942
f 3942 3943 3943
f 3943 3944 3944
f 3944 3945 3945
f 3945 3946 3946
f 3946 3947 3947
f 3947 3948 3948
f 3948 3949 3949
f 3949 3950 3950
f 3950 3951 3951
f 3951 3952 3952
f 3952 3953 3953
f 3953 3954 3954
f 3954 3955 3955
f 3955 3956 3956
f 3956 3957 3957
f 3957 3958 3958
f 3958 3959 3959
f 3959 3960 3960
f 3960 3961 3961
f 3961 3962 3962
f 3962 3963 3963
f 3963 3964 3964
f 3964 3965 3965
f 3965 3966 3966
f 3966 3967 3967
f 3967 3968 3968
f 3968 3969 3969
f 3969 3970 3970
f 3970 3971 3971
f 3971 3972 3972
f 3972 3973 3973
f 3973 3974 3974
f 3974 3975 3975
f 3975 3976 3976
f 3976 3977 3977
f 3977 3978 3978
f 3978 3979 3979
f 3979 3980 3980
f 3980 3981 3981
f 3981 3982 3982
f 3982 3983 3983
f 3983 3984 3984
f 3984 3985 3985
f 3985 3986 3986
f 3986 3987 3987
f 3987 3988 3988
f 3988 3989 3989
f 3989 3990 3990
f 3990 3991 3991
f 3991 3992 3992
f 3992 3993 3993
f 3993 3994 3994
f 3994 3995 3995
f 3995 3996 3996
f 3996 3997 3997
f 3997 3998 3998
f 3998 3999 3999
f 3999 4000 4000
f 4000 4001 4001
f 4001 4002 4002
f 4002 4003 4003
f 4003 4004 4004
f 4004 4005 4005
f 4005 4006 4006
f 4006 4007 4007
f 4007 4008 4008
f 4008 4009 4009
f 4009 4010 4010
f 4010 4011 4011
f 4011 4012 4012
f 4012 4013 4013
f 4013 4014 4014
f 4014 4015 4015
f 4015 4016 4016
f 4016 4017 4017
f 4017 4018 4018
f 4018 4019 4019
f 4019 4020 4020
f 4020 4021 4021
f 4021 4022 4022
f 4022 4023 4023
f 4023 4024 4024
f 4024 4025 4025
f 4025 4026 4026
f 4026 4027 4027
f 4027 4028 4028
f 4028 4029 4029
f 4029 4030 4030
f 4030 4031 4031
f 4031 4032 4032
f 4032 4033 4033
f 4033 4034 4034
f 4034 4035 4035
f 4035 4036 4036
f 4036 4037 4037
f 4037 4038 4038
f 4038 4039 4039
f 4039 4040 4040
f 4040 4041 4041
f 4041 4042 4042
f 4042 4043 4043
f 4043 4044 4044
f 4044 4045 4045
f 4045 4046 4046
f 4046 4047 4047
f 4047 4048 4048
f 4048 4049 4049
f 4049 4050 4050
f 4050 4051 4051
f 4051 4052 4052
f 4052 4053 4053
f 4053 4054 4054
f 4054 4055 4055
f 4055 4056 4056
f 4056 4057 4057
f 4057 4058 4058
f 4058 4059 4059
f 4059 4060 4060
f 4060 4061 4061
f 4061 4062 4062
f 4062 4063 4063
f 4063 4064 4064
f 4064 4065 4065
f 4065 4066 4066
f 4066 4067 4067
f 4067 4068 4068
f 4068 4069 4069
f 4069 4070 4070
f 4070 4071 4071
f 4071 4072 4072
f 4072 4073 4073
f 4073 4074 4074
f 4074 4075 4075
f 4075 4076 4076
f 4076 4077 4077
f 4077 4078 4078
f 4078 4079 4079
f 4079 4080 4080
f 4080 4081 4081
f 4081 4082 4082
f 4082 4083 4083
f 4083 4084 4084
f 4084 4085 4085
f 4085 4086 4086
f 4086 4087 4087
f 4087 4088 4088
f 4088 4089 4089
f 4089 4090 4090
f 4090 4091 4091
f 4091 4092 4092
f 4092 4093 4093
f 4093 4094 4094
f 4094 4095 4095
f 4095 4096 4096
f 4096 4097 4097
f 4097 4098 4098
f 4098 4099 4099
f 4099 4100 4100
f 4100 4101 4101
f 4101 4102 4102
f 4102 4103 4103
f 4103 4104 4104
f 4104 4105 4105
f 4105 4106 4106
f 4106 4107 4107
f 4107 4108 4108
f 4108 4109 4109
f 4109 4110 4110
f 4110 4111 4111
f 4111 4112 4112
f 4112 4113 4113
f 4113 4114 4114
f 4114 4115 4115
f 4115 4116 4116
f 4116 4117 4117